2025-08-22 22:15:55,482 INFO autoreload Watching for file changes with StatReloader
2025-08-22 22:16:03,170 ERROR log Internal Server Error: /
Traceback (most recent call last):
  File "C:\Users\lymuthien\AppData\Local\Programs\Python\Python313\Lib\site-packages\django\core\handlers\exception.py", line 55, in inner
    response = get_response(request)
  File "C:\Users\lymuthien\AppData\Local\Programs\Python\Python313\Lib\site-packages\django\utils\deprecation.py", line 119, in __call__
    response = self.process_request(request)
  File "C:\Users\lymuthien\AppData\Local\Programs\Python\Python313\Lib\site-packages\django\contrib\messages\middleware.py", line 12, in process_request
    request._messages = default_storage(request)
                        ~~~~~~~~~~~~~~~^^^^^^^^^
  File "C:\Users\lymuthien\AppData\Local\Programs\Python\Python313\Lib\site-packages\django\contrib\messages\storage\__init__.py", line 12, in default_storage
    return import_string(settings.MESSAGE_STORAGE)(request)
           ~~~~~~~~~~~~~~~~~~~~~~~~~~~~~~~~~~~~~~~^^^^^^^^^
  File "C:\Users\lymuthien\AppData\Local\Programs\Python\Python313\Lib\site-packages\django\contrib\messages\storage\fallback.py", line 17, in __init__
    storage_class(*args, **kwargs) for storage_class in self.storage_classes
    ~~~~~~~~~~~~~^^^^^^^^^^^^^^^^^
  File "C:\Users\lymuthien\AppData\Local\Programs\Python\Python313\Lib\site-packages\django\contrib\messages\storage\cookie.py", line 92, in __init__
    self.signer = signing.get_cookie_signer(salt=self.key_salt)
                  ~~~~~~~~~~~~~~~~~~~~~~~~~^^^^^^^^^^^^^^^^^^^^
  File "C:\Users\lymuthien\AppData\Local\Programs\Python\Python313\Lib\site-packages\django\core\signing.py", line 112, in get_cookie_signer
    key=_cookie_signer_key(settings.SECRET_KEY),
                           ^^^^^^^^^^^^^^^^^^^
  File "C:\Users\lymuthien\AppData\Local\Programs\Python\Python313\Lib\site-packages\django\conf\__init__.py", line 90, in __getattr__
    raise ImproperlyConfigured("The SECRET_KEY setting must not be empty.")
django.core.exceptions.ImproperlyConfigured: The SECRET_KEY setting must not be empty.
2025-08-22 22:16:03,261 ERROR log Internal Server Error: /favicon.ico
Traceback (most recent call last):
  File "C:\Users\lymuthien\AppData\Local\Programs\Python\Python313\Lib\site-packages\django\core\handlers\exception.py", line 55, in inner
    response = get_response(request)
  File "C:\Users\lymuthien\AppData\Local\Programs\Python\Python313\Lib\site-packages\django\utils\deprecation.py", line 119, in __call__
    response = self.process_request(request)
  File "C:\Users\lymuthien\AppData\Local\Programs\Python\Python313\Lib\site-packages\django\contrib\messages\middleware.py", line 12, in process_request
    request._messages = default_storage(request)
                        ~~~~~~~~~~~~~~~^^^^^^^^^
  File "C:\Users\lymuthien\AppData\Local\Programs\Python\Python313\Lib\site-packages\django\contrib\messages\storage\__init__.py", line 12, in default_storage
    return import_string(settings.MESSAGE_STORAGE)(request)
           ~~~~~~~~~~~~~~~~~~~~~~~~~~~~~~~~~~~~~~~^^^^^^^^^
  File "C:\Users\lymuthien\AppData\Local\Programs\Python\Python313\Lib\site-packages\django\contrib\messages\storage\fallback.py", line 17, in __init__
    storage_class(*args, **kwargs) for storage_class in self.storage_classes
    ~~~~~~~~~~~~~^^^^^^^^^^^^^^^^^
  File "C:\Users\lymuthien\AppData\Local\Programs\Python\Python313\Lib\site-packages\django\contrib\messages\storage\cookie.py", line 92, in __init__
    self.signer = signing.get_cookie_signer(salt=self.key_salt)
                  ~~~~~~~~~~~~~~~~~~~~~~~~~^^^^^^^^^^^^^^^^^^^^
  File "C:\Users\lymuthien\AppData\Local\Programs\Python\Python313\Lib\site-packages\django\core\signing.py", line 112, in get_cookie_signer
    key=_cookie_signer_key(settings.SECRET_KEY),
                           ^^^^^^^^^^^^^^^^^^^
  File "C:\Users\lymuthien\AppData\Local\Programs\Python\Python313\Lib\site-packages\django\conf\__init__.py", line 90, in __getattr__
    raise ImproperlyConfigured("The SECRET_KEY setting must not be empty.")
django.core.exceptions.ImproperlyConfigured: The SECRET_KEY setting must not be empty.
2025-08-22 22:17:51,302 INFO autoreload Watching for file changes with StatReloader
2025-08-22 22:17:53,085 WARNING log Not Found: /favicon.ico
2025-08-22 22:18:26,928 WARNING log Not Found: /media/news/631574e49054bfed58c12994d9a90228.jpg
2025-08-22 22:18:28,829 WARNING log Not Found: /media/news/631574e49054bfed58c12994d9a90228.jpg
2025-08-22 22:18:31,289 WARNING log Not Found: /media/contacts/tatsiana.jpg
2025-08-22 22:18:31,292 WARNING log Not Found: /media/contacts/nikita_danilov_QqtARyR.jpg
2025-08-22 22:18:31,293 WARNING log Not Found: /media/contacts/kseny.jpg
2025-08-22 22:18:31,295 WARNING log Not Found: /media/contacts/elizabeth.jpg
2025-08-22 22:18:36,763 INFO views ServiceListView queryset prepared
2025-08-22 22:18:49,176 INFO views AvailableEstateListView queryset prepared
2025-08-22 22:18:49,250 WARNING log Not Found: /media/image_placeholder.jpg
2025-08-22 22:18:49,252 WARNING log Not Found: /media/estates/90895d37-3d94-455d-bacd-b71c2a6674f1.jpg
2025-08-22 22:18:49,252 WARNING log Not Found: /media/estates/447579f4-d4ad-4eca-b149-2bba0e1981f3.jpg
2025-08-22 22:18:49,253 WARNING log Not Found: /media/estates/85421d69-1f09-4742-92aa-6cc1dcd3ba7d.jpg
2025-08-22 22:18:49,255 WARNING log Not Found: /media/estates/ec8ffa92-68d7-4833-9f59-5812f0780331.jpg
2025-08-22 22:18:51,892 INFO views AvailableEstateListView queryset prepared
2025-08-22 22:18:51,957 WARNING log Not Found: /media/image_placeholder.jpg
2025-08-22 22:18:51,958 WARNING log Not Found: /media/estates/85421d69-1f09-4742-92aa-6cc1dcd3ba7d.jpg
2025-08-22 22:18:51,958 WARNING log Not Found: /media/estates/90895d37-3d94-455d-bacd-b71c2a6674f1.jpg
2025-08-22 22:18:51,964 WARNING log Not Found: /media/estates/447579f4-d4ad-4eca-b149-2bba0e1981f3.jpg
2025-08-22 22:18:51,965 WARNING log Not Found: /media/estates/ec8ffa92-68d7-4833-9f59-5812f0780331.jpg
2025-08-22 22:19:02,147 WARNING log Not Found: /media/contacts/tatsiana.jpg
2025-08-22 22:19:02,148 WARNING log Not Found: /media/contacts/nikita_danilov_QqtARyR.jpg
2025-08-22 22:19:02,149 WARNING log Not Found: /media/contacts/kseny.jpg
2025-08-22 22:19:02,151 WARNING log Not Found: /media/contacts/elizabeth.jpg
2025-08-22 22:19:04,362 INFO views ServiceListView queryset prepared
2025-08-22 22:19:04,838 INFO views AvailableEstateListView queryset prepared
2025-08-22 22:19:04,912 WARNING log Not Found: /media/image_placeholder.jpg
2025-08-22 22:19:04,914 WARNING log Not Found: /media/estates/90895d37-3d94-455d-bacd-b71c2a6674f1.jpg
2025-08-22 22:19:04,915 WARNING log Not Found: /media/estates/447579f4-d4ad-4eca-b149-2bba0e1981f3.jpg
2025-08-22 22:19:04,916 WARNING log Not Found: /media/estates/85421d69-1f09-4742-92aa-6cc1dcd3ba7d.jpg
2025-08-22 22:19:04,918 WARNING log Not Found: /media/estates/ec8ffa92-68d7-4833-9f59-5812f0780331.jpg
2025-08-22 22:19:06,603 INFO timezone_service ip:127.0.0.1
2025-08-22 22:19:06,898 INFO views Timezone determined for user Ann: UTC
2025-08-22 22:22:19,901 INFO autoreload Watching for file changes with StatReloader
2025-08-22 22:23:03,179 INFO timezone_service ip:127.0.0.1
2025-08-22 22:23:03,545 INFO views Timezone determined for user lymuthien: UTC
2025-08-22 22:23:11,659 INFO views ServiceListView queryset prepared
2025-08-22 22:23:12,926 INFO views AvailableEstateListView queryset prepared
2025-08-22 22:23:13,026 WARNING log Not Found: /media/image_placeholder.jpg
2025-08-22 22:23:13,026 WARNING log Not Found: /media/estates/90895d37-3d94-455d-bacd-b71c2a6674f1.jpg
2025-08-22 22:23:13,027 WARNING log Not Found: /media/estates/447579f4-d4ad-4eca-b149-2bba0e1981f3.jpg
2025-08-22 22:23:13,027 WARNING log Not Found: /media/estates/85421d69-1f09-4742-92aa-6cc1dcd3ba7d.jpg
2025-08-22 22:23:13,030 WARNING log Not Found: /media/estates/ec8ffa92-68d7-4833-9f59-5812f0780331.jpg
2025-08-22 22:23:53,961 WARNING log Not Found: /static/admin/css/base.css
2025-08-22 22:23:53,961 WARNING log Not Found: /static/admin/css/dark_mode.css
2025-08-22 22:23:53,962 WARNING log Not Found: /static/admin/js/theme.js
2025-08-22 22:23:53,962 WARNING log Not Found: /static/admin/css/nav_sidebar.css
2025-08-22 22:23:53,963 WARNING log Not Found: /static/admin/css/dashboard.css
2025-08-22 22:23:53,965 WARNING log Not Found: /static/admin/css/responsive.css
2025-08-22 22:23:53,975 WARNING log Not Found: /static/admin/js/nav_sidebar.js
2025-08-22 22:24:53,663 INFO autoreload D:\PythonProjects\BSUIR_IGI_STRWEB\IGI\LR5\real_estate_agency\real_estate_agency\settings.py changed, reloading.
2025-08-22 22:24:56,687 INFO autoreload Watching for file changes with StatReloader
2025-08-22 22:25:12,795 INFO views ServiceListView queryset prepared
2025-08-22 22:25:13,178 INFO views AvailableEstateListView queryset prepared
2025-08-22 22:27:17,933 INFO views AvailableEstateListView queryset prepared
2025-08-22 22:27:18,014 ERROR log Internal Server Error: /catalog/
Traceback (most recent call last):
  File "C:\Users\lymuthien\AppData\Local\Programs\Python\Python313\Lib\site-packages\django\core\handlers\exception.py", line 55, in inner
    response = get_response(request)
  File "C:\Users\lymuthien\AppData\Local\Programs\Python\Python313\Lib\site-packages\django\core\handlers\base.py", line 220, in _get_response
    response = response.render()
  File "C:\Users\lymuthien\AppData\Local\Programs\Python\Python313\Lib\site-packages\django\template\response.py", line 114, in render
    self.content = self.rendered_content
                   ^^^^^^^^^^^^^^^^^^^^^
  File "C:\Users\lymuthien\AppData\Local\Programs\Python\Python313\Lib\site-packages\django\template\response.py", line 92, in rendered_content
    return template.render(context, self._request)
           ~~~~~~~~~~~~~~~^^^^^^^^^^^^^^^^^^^^^^^^
  File "C:\Users\lymuthien\AppData\Local\Programs\Python\Python313\Lib\site-packages\django\template\backends\django.py", line 107, in render
    return self.template.render(context)
           ~~~~~~~~~~~~~~~~~~~~^^^^^^^^^
  File "C:\Users\lymuthien\AppData\Local\Programs\Python\Python313\Lib\site-packages\django\template\base.py", line 171, in render
    return self._render(context)
           ~~~~~~~~~~~~^^^^^^^^^
  File "C:\Users\lymuthien\AppData\Local\Programs\Python\Python313\Lib\site-packages\django\template\base.py", line 163, in _render
    return self.nodelist.render(context)
           ~~~~~~~~~~~~~~~~~~~~^^^^^^^^^
  File "C:\Users\lymuthien\AppData\Local\Programs\Python\Python313\Lib\site-packages\django\template\base.py", line 1016, in render
    return SafeString("".join([node.render_annotated(context) for node in self]))
                               ~~~~~~~~~~~~~~~~~~~~~^^^^^^^^^
  File "C:\Users\lymuthien\AppData\Local\Programs\Python\Python313\Lib\site-packages\django\template\base.py", line 977, in render_annotated
    return self.render(context)
           ~~~~~~~~~~~^^^^^^^^^
  File "C:\Users\lymuthien\AppData\Local\Programs\Python\Python313\Lib\site-packages\django\template\loader_tags.py", line 159, in render
    return compiled_parent._render(context)
           ~~~~~~~~~~~~~~~~~~~~~~~^^^^^^^^^
  File "C:\Users\lymuthien\AppData\Local\Programs\Python\Python313\Lib\site-packages\django\template\base.py", line 163, in _render
    return self.nodelist.render(context)
           ~~~~~~~~~~~~~~~~~~~~^^^^^^^^^
  File "C:\Users\lymuthien\AppData\Local\Programs\Python\Python313\Lib\site-packages\django\template\base.py", line 1016, in render
    return SafeString("".join([node.render_annotated(context) for node in self]))
                               ~~~~~~~~~~~~~~~~~~~~~^^^^^^^^^
  File "C:\Users\lymuthien\AppData\Local\Programs\Python\Python313\Lib\site-packages\django\template\base.py", line 977, in render_annotated
    return self.render(context)
           ~~~~~~~~~~~^^^^^^^^^
  File "C:\Users\lymuthien\AppData\Local\Programs\Python\Python313\Lib\site-packages\django\template\loader_tags.py", line 65, in render
    result = block.nodelist.render(context)
  File "C:\Users\lymuthien\AppData\Local\Programs\Python\Python313\Lib\site-packages\django\template\base.py", line 1016, in render
    return SafeString("".join([node.render_annotated(context) for node in self]))
                               ~~~~~~~~~~~~~~~~~~~~~^^^^^^^^^
  File "C:\Users\lymuthien\AppData\Local\Programs\Python\Python313\Lib\site-packages\django\template\base.py", line 977, in render_annotated
    return self.render(context)
           ~~~~~~~~~~~^^^^^^^^^
  File "C:\Users\lymuthien\AppData\Local\Programs\Python\Python313\Lib\site-packages\django\template\defaulttags.py", line 327, in render
    return nodelist.render(context)
           ~~~~~~~~~~~~~~~^^^^^^^^^
  File "C:\Users\lymuthien\AppData\Local\Programs\Python\Python313\Lib\site-packages\django\template\base.py", line 1016, in render
    return SafeString("".join([node.render_annotated(context) for node in self]))
                               ~~~~~~~~~~~~~~~~~~~~~^^^^^^^^^
  File "C:\Users\lymuthien\AppData\Local\Programs\Python\Python313\Lib\site-packages\django\template\base.py", line 977, in render_annotated
    return self.render(context)
           ~~~~~~~~~~~^^^^^^^^^
  File "C:\Users\lymuthien\AppData\Local\Programs\Python\Python313\Lib\site-packages\django\template\defaulttags.py", line 327, in render
    return nodelist.render(context)
           ~~~~~~~~~~~~~~~^^^^^^^^^
  File "C:\Users\lymuthien\AppData\Local\Programs\Python\Python313\Lib\site-packages\django\template\base.py", line 1016, in render
    return SafeString("".join([node.render_annotated(context) for node in self]))
                               ~~~~~~~~~~~~~~~~~~~~~^^^^^^^^^
  File "C:\Users\lymuthien\AppData\Local\Programs\Python\Python313\Lib\site-packages\django\template\base.py", line 977, in render_annotated
    return self.render(context)
           ~~~~~~~~~~~^^^^^^^^^
  File "C:\Users\lymuthien\AppData\Local\Programs\Python\Python313\Lib\site-packages\django\template\defaulttags.py", line 480, in render
    url = reverse(view_name, args=args, kwargs=kwargs, current_app=current_app)
  File "C:\Users\lymuthien\AppData\Local\Programs\Python\Python313\Lib\site-packages\django\urls\base.py", line 98, in reverse
    resolved_url = resolver._reverse_with_prefix(view, prefix, *args, **kwargs)
  File "C:\Users\lymuthien\AppData\Local\Programs\Python\Python313\Lib\site-packages\django\urls\resolvers.py", line 831, in _reverse_with_prefix
    raise NoReverseMatch(msg)
django.urls.exceptions.NoReverseMatch: Reverse for 'estate_create' not found. 'estate_create' is not a valid view function or pattern name.
2025-08-22 22:27:30,646 INFO views AvailableEstateListView queryset prepared
2025-08-22 22:27:30,708 ERROR log Internal Server Error: /catalog/
Traceback (most recent call last):
  File "C:\Users\lymuthien\AppData\Local\Programs\Python\Python313\Lib\site-packages\django\core\handlers\exception.py", line 55, in inner
    response = get_response(request)
  File "C:\Users\lymuthien\AppData\Local\Programs\Python\Python313\Lib\site-packages\django\core\handlers\base.py", line 220, in _get_response
    response = response.render()
  File "C:\Users\lymuthien\AppData\Local\Programs\Python\Python313\Lib\site-packages\django\template\response.py", line 114, in render
    self.content = self.rendered_content
                   ^^^^^^^^^^^^^^^^^^^^^
  File "C:\Users\lymuthien\AppData\Local\Programs\Python\Python313\Lib\site-packages\django\template\response.py", line 92, in rendered_content
    return template.render(context, self._request)
           ~~~~~~~~~~~~~~~^^^^^^^^^^^^^^^^^^^^^^^^
  File "C:\Users\lymuthien\AppData\Local\Programs\Python\Python313\Lib\site-packages\django\template\backends\django.py", line 107, in render
    return self.template.render(context)
           ~~~~~~~~~~~~~~~~~~~~^^^^^^^^^
  File "C:\Users\lymuthien\AppData\Local\Programs\Python\Python313\Lib\site-packages\django\template\base.py", line 171, in render
    return self._render(context)
           ~~~~~~~~~~~~^^^^^^^^^
  File "C:\Users\lymuthien\AppData\Local\Programs\Python\Python313\Lib\site-packages\django\template\base.py", line 163, in _render
    return self.nodelist.render(context)
           ~~~~~~~~~~~~~~~~~~~~^^^^^^^^^
  File "C:\Users\lymuthien\AppData\Local\Programs\Python\Python313\Lib\site-packages\django\template\base.py", line 1016, in render
    return SafeString("".join([node.render_annotated(context) for node in self]))
                               ~~~~~~~~~~~~~~~~~~~~~^^^^^^^^^
  File "C:\Users\lymuthien\AppData\Local\Programs\Python\Python313\Lib\site-packages\django\template\base.py", line 977, in render_annotated
    return self.render(context)
           ~~~~~~~~~~~^^^^^^^^^
  File "C:\Users\lymuthien\AppData\Local\Programs\Python\Python313\Lib\site-packages\django\template\loader_tags.py", line 159, in render
    return compiled_parent._render(context)
           ~~~~~~~~~~~~~~~~~~~~~~~^^^^^^^^^
  File "C:\Users\lymuthien\AppData\Local\Programs\Python\Python313\Lib\site-packages\django\template\base.py", line 163, in _render
    return self.nodelist.render(context)
           ~~~~~~~~~~~~~~~~~~~~^^^^^^^^^
  File "C:\Users\lymuthien\AppData\Local\Programs\Python\Python313\Lib\site-packages\django\template\base.py", line 1016, in render
    return SafeString("".join([node.render_annotated(context) for node in self]))
                               ~~~~~~~~~~~~~~~~~~~~~^^^^^^^^^
  File "C:\Users\lymuthien\AppData\Local\Programs\Python\Python313\Lib\site-packages\django\template\base.py", line 977, in render_annotated
    return self.render(context)
           ~~~~~~~~~~~^^^^^^^^^
  File "C:\Users\lymuthien\AppData\Local\Programs\Python\Python313\Lib\site-packages\django\template\loader_tags.py", line 65, in render
    result = block.nodelist.render(context)
  File "C:\Users\lymuthien\AppData\Local\Programs\Python\Python313\Lib\site-packages\django\template\base.py", line 1016, in render
    return SafeString("".join([node.render_annotated(context) for node in self]))
                               ~~~~~~~~~~~~~~~~~~~~~^^^^^^^^^
  File "C:\Users\lymuthien\AppData\Local\Programs\Python\Python313\Lib\site-packages\django\template\base.py", line 977, in render_annotated
    return self.render(context)
           ~~~~~~~~~~~^^^^^^^^^
  File "C:\Users\lymuthien\AppData\Local\Programs\Python\Python313\Lib\site-packages\django\template\defaulttags.py", line 327, in render
    return nodelist.render(context)
           ~~~~~~~~~~~~~~~^^^^^^^^^
  File "C:\Users\lymuthien\AppData\Local\Programs\Python\Python313\Lib\site-packages\django\template\base.py", line 1016, in render
    return SafeString("".join([node.render_annotated(context) for node in self]))
                               ~~~~~~~~~~~~~~~~~~~~~^^^^^^^^^
  File "C:\Users\lymuthien\AppData\Local\Programs\Python\Python313\Lib\site-packages\django\template\base.py", line 977, in render_annotated
    return self.render(context)
           ~~~~~~~~~~~^^^^^^^^^
  File "C:\Users\lymuthien\AppData\Local\Programs\Python\Python313\Lib\site-packages\django\template\defaulttags.py", line 327, in render
    return nodelist.render(context)
           ~~~~~~~~~~~~~~~^^^^^^^^^
  File "C:\Users\lymuthien\AppData\Local\Programs\Python\Python313\Lib\site-packages\django\template\base.py", line 1016, in render
    return SafeString("".join([node.render_annotated(context) for node in self]))
                               ~~~~~~~~~~~~~~~~~~~~~^^^^^^^^^
  File "C:\Users\lymuthien\AppData\Local\Programs\Python\Python313\Lib\site-packages\django\template\base.py", line 977, in render_annotated
    return self.render(context)
           ~~~~~~~~~~~^^^^^^^^^
  File "C:\Users\lymuthien\AppData\Local\Programs\Python\Python313\Lib\site-packages\django\template\defaulttags.py", line 480, in render
    url = reverse(view_name, args=args, kwargs=kwargs, current_app=current_app)
  File "C:\Users\lymuthien\AppData\Local\Programs\Python\Python313\Lib\site-packages\django\urls\base.py", line 98, in reverse
    resolved_url = resolver._reverse_with_prefix(view, prefix, *args, **kwargs)
  File "C:\Users\lymuthien\AppData\Local\Programs\Python\Python313\Lib\site-packages\django\urls\resolvers.py", line 831, in _reverse_with_prefix
    raise NoReverseMatch(msg)
django.urls.exceptions.NoReverseMatch: Reverse for 'estate_create' not found. 'estate_create' is not a valid view function or pattern name.
2025-08-22 22:27:53,510 INFO views AvailableEstateListView queryset prepared
2025-08-22 22:27:53,575 ERROR log Internal Server Error: /catalog/
Traceback (most recent call last):
  File "C:\Users\lymuthien\AppData\Local\Programs\Python\Python313\Lib\site-packages\django\core\handlers\exception.py", line 55, in inner
    response = get_response(request)
  File "C:\Users\lymuthien\AppData\Local\Programs\Python\Python313\Lib\site-packages\django\core\handlers\base.py", line 220, in _get_response
    response = response.render()
  File "C:\Users\lymuthien\AppData\Local\Programs\Python\Python313\Lib\site-packages\django\template\response.py", line 114, in render
    self.content = self.rendered_content
                   ^^^^^^^^^^^^^^^^^^^^^
  File "C:\Users\lymuthien\AppData\Local\Programs\Python\Python313\Lib\site-packages\django\template\response.py", line 92, in rendered_content
    return template.render(context, self._request)
           ~~~~~~~~~~~~~~~^^^^^^^^^^^^^^^^^^^^^^^^
  File "C:\Users\lymuthien\AppData\Local\Programs\Python\Python313\Lib\site-packages\django\template\backends\django.py", line 107, in render
    return self.template.render(context)
           ~~~~~~~~~~~~~~~~~~~~^^^^^^^^^
  File "C:\Users\lymuthien\AppData\Local\Programs\Python\Python313\Lib\site-packages\django\template\base.py", line 171, in render
    return self._render(context)
           ~~~~~~~~~~~~^^^^^^^^^
  File "C:\Users\lymuthien\AppData\Local\Programs\Python\Python313\Lib\site-packages\django\template\base.py", line 163, in _render
    return self.nodelist.render(context)
           ~~~~~~~~~~~~~~~~~~~~^^^^^^^^^
  File "C:\Users\lymuthien\AppData\Local\Programs\Python\Python313\Lib\site-packages\django\template\base.py", line 1016, in render
    return SafeString("".join([node.render_annotated(context) for node in self]))
                               ~~~~~~~~~~~~~~~~~~~~~^^^^^^^^^
  File "C:\Users\lymuthien\AppData\Local\Programs\Python\Python313\Lib\site-packages\django\template\base.py", line 977, in render_annotated
    return self.render(context)
           ~~~~~~~~~~~^^^^^^^^^
  File "C:\Users\lymuthien\AppData\Local\Programs\Python\Python313\Lib\site-packages\django\template\loader_tags.py", line 159, in render
    return compiled_parent._render(context)
           ~~~~~~~~~~~~~~~~~~~~~~~^^^^^^^^^
  File "C:\Users\lymuthien\AppData\Local\Programs\Python\Python313\Lib\site-packages\django\template\base.py", line 163, in _render
    return self.nodelist.render(context)
           ~~~~~~~~~~~~~~~~~~~~^^^^^^^^^
  File "C:\Users\lymuthien\AppData\Local\Programs\Python\Python313\Lib\site-packages\django\template\base.py", line 1016, in render
    return SafeString("".join([node.render_annotated(context) for node in self]))
                               ~~~~~~~~~~~~~~~~~~~~~^^^^^^^^^
  File "C:\Users\lymuthien\AppData\Local\Programs\Python\Python313\Lib\site-packages\django\template\base.py", line 977, in render_annotated
    return self.render(context)
           ~~~~~~~~~~~^^^^^^^^^
  File "C:\Users\lymuthien\AppData\Local\Programs\Python\Python313\Lib\site-packages\django\template\loader_tags.py", line 65, in render
    result = block.nodelist.render(context)
  File "C:\Users\lymuthien\AppData\Local\Programs\Python\Python313\Lib\site-packages\django\template\base.py", line 1016, in render
    return SafeString("".join([node.render_annotated(context) for node in self]))
                               ~~~~~~~~~~~~~~~~~~~~~^^^^^^^^^
  File "C:\Users\lymuthien\AppData\Local\Programs\Python\Python313\Lib\site-packages\django\template\base.py", line 977, in render_annotated
    return self.render(context)
           ~~~~~~~~~~~^^^^^^^^^
  File "C:\Users\lymuthien\AppData\Local\Programs\Python\Python313\Lib\site-packages\django\template\defaulttags.py", line 327, in render
    return nodelist.render(context)
           ~~~~~~~~~~~~~~~^^^^^^^^^
  File "C:\Users\lymuthien\AppData\Local\Programs\Python\Python313\Lib\site-packages\django\template\base.py", line 1016, in render
    return SafeString("".join([node.render_annotated(context) for node in self]))
                               ~~~~~~~~~~~~~~~~~~~~~^^^^^^^^^
  File "C:\Users\lymuthien\AppData\Local\Programs\Python\Python313\Lib\site-packages\django\template\base.py", line 977, in render_annotated
    return self.render(context)
           ~~~~~~~~~~~^^^^^^^^^
  File "C:\Users\lymuthien\AppData\Local\Programs\Python\Python313\Lib\site-packages\django\template\defaulttags.py", line 327, in render
    return nodelist.render(context)
           ~~~~~~~~~~~~~~~^^^^^^^^^
  File "C:\Users\lymuthien\AppData\Local\Programs\Python\Python313\Lib\site-packages\django\template\base.py", line 1016, in render
    return SafeString("".join([node.render_annotated(context) for node in self]))
                               ~~~~~~~~~~~~~~~~~~~~~^^^^^^^^^
  File "C:\Users\lymuthien\AppData\Local\Programs\Python\Python313\Lib\site-packages\django\template\base.py", line 977, in render_annotated
    return self.render(context)
           ~~~~~~~~~~~^^^^^^^^^
  File "C:\Users\lymuthien\AppData\Local\Programs\Python\Python313\Lib\site-packages\django\template\defaulttags.py", line 480, in render
    url = reverse(view_name, args=args, kwargs=kwargs, current_app=current_app)
  File "C:\Users\lymuthien\AppData\Local\Programs\Python\Python313\Lib\site-packages\django\urls\base.py", line 98, in reverse
    resolved_url = resolver._reverse_with_prefix(view, prefix, *args, **kwargs)
  File "C:\Users\lymuthien\AppData\Local\Programs\Python\Python313\Lib\site-packages\django\urls\resolvers.py", line 831, in _reverse_with_prefix
    raise NoReverseMatch(msg)
django.urls.exceptions.NoReverseMatch: Reverse for '' not found. '' is not a valid view function or pattern name.
2025-08-22 22:28:01,175 INFO views AvailableEstateListView queryset prepared
2025-08-22 22:28:04,485 WARNING log Not Found: /catalog/{}
2025-08-22 22:30:56,349 WARNING views User not authenticated or no client, request_exists set to False
2025-08-22 22:30:56,524 ERROR mapbox_client Error while requesting Mapbox API for address Гольшанская ул, 32, Минск: 401 Client Error: Unauthorized for url: https://api.mapbox.com/geocoding/v5/mapbox.places/%D0%93%D0%BE%D0%BB%D1%8C%D1%88%D0%B0%D0%BD%D1%81%D0%BA%D0%B0%D1%8F%20%D1%83%D0%BB%2C%2032%2C%20%D0%9C%D0%B8%D0%BD%D1%81%D0%BA.json?types=address&language=ru&limit=1
2025-08-22 22:30:56,525 INFO views EstateDetailView context prepared
2025-08-22 22:30:56,561 ERROR log Internal Server Error: /catalog/estate/22/
Traceback (most recent call last):
  File "C:\Users\lymuthien\AppData\Local\Programs\Python\Python313\Lib\site-packages\django\core\handlers\exception.py", line 55, in inner
    response = get_response(request)
  File "C:\Users\lymuthien\AppData\Local\Programs\Python\Python313\Lib\site-packages\django\core\handlers\base.py", line 220, in _get_response
    response = response.render()
  File "C:\Users\lymuthien\AppData\Local\Programs\Python\Python313\Lib\site-packages\django\template\response.py", line 114, in render
    self.content = self.rendered_content
                   ^^^^^^^^^^^^^^^^^^^^^
  File "C:\Users\lymuthien\AppData\Local\Programs\Python\Python313\Lib\site-packages\django\template\response.py", line 92, in rendered_content
    return template.render(context, self._request)
           ~~~~~~~~~~~~~~~^^^^^^^^^^^^^^^^^^^^^^^^
  File "C:\Users\lymuthien\AppData\Local\Programs\Python\Python313\Lib\site-packages\django\template\backends\django.py", line 107, in render
    return self.template.render(context)
           ~~~~~~~~~~~~~~~~~~~~^^^^^^^^^
  File "C:\Users\lymuthien\AppData\Local\Programs\Python\Python313\Lib\site-packages\django\template\base.py", line 171, in render
    return self._render(context)
           ~~~~~~~~~~~~^^^^^^^^^
  File "C:\Users\lymuthien\AppData\Local\Programs\Python\Python313\Lib\site-packages\django\template\base.py", line 163, in _render
    return self.nodelist.render(context)
           ~~~~~~~~~~~~~~~~~~~~^^^^^^^^^
  File "C:\Users\lymuthien\AppData\Local\Programs\Python\Python313\Lib\site-packages\django\template\base.py", line 1016, in render
    return SafeString("".join([node.render_annotated(context) for node in self]))
                               ~~~~~~~~~~~~~~~~~~~~~^^^^^^^^^
  File "C:\Users\lymuthien\AppData\Local\Programs\Python\Python313\Lib\site-packages\django\template\base.py", line 977, in render_annotated
    return self.render(context)
           ~~~~~~~~~~~^^^^^^^^^
  File "C:\Users\lymuthien\AppData\Local\Programs\Python\Python313\Lib\site-packages\django\template\loader_tags.py", line 159, in render
    return compiled_parent._render(context)
           ~~~~~~~~~~~~~~~~~~~~~~~^^^^^^^^^
  File "C:\Users\lymuthien\AppData\Local\Programs\Python\Python313\Lib\site-packages\django\template\base.py", line 163, in _render
    return self.nodelist.render(context)
           ~~~~~~~~~~~~~~~~~~~~^^^^^^^^^
  File "C:\Users\lymuthien\AppData\Local\Programs\Python\Python313\Lib\site-packages\django\template\base.py", line 1016, in render
    return SafeString("".join([node.render_annotated(context) for node in self]))
                               ~~~~~~~~~~~~~~~~~~~~~^^^^^^^^^
  File "C:\Users\lymuthien\AppData\Local\Programs\Python\Python313\Lib\site-packages\django\template\base.py", line 977, in render_annotated
    return self.render(context)
           ~~~~~~~~~~~^^^^^^^^^
  File "C:\Users\lymuthien\AppData\Local\Programs\Python\Python313\Lib\site-packages\django\template\loader_tags.py", line 65, in render
    result = block.nodelist.render(context)
  File "C:\Users\lymuthien\AppData\Local\Programs\Python\Python313\Lib\site-packages\django\template\base.py", line 1016, in render
    return SafeString("".join([node.render_annotated(context) for node in self]))
                               ~~~~~~~~~~~~~~~~~~~~~^^^^^^^^^
  File "C:\Users\lymuthien\AppData\Local\Programs\Python\Python313\Lib\site-packages\django\template\base.py", line 977, in render_annotated
    return self.render(context)
           ~~~~~~~~~~~^^^^^^^^^
  File "C:\Users\lymuthien\AppData\Local\Programs\Python\Python313\Lib\site-packages\django\template\defaulttags.py", line 327, in render
    return nodelist.render(context)
           ~~~~~~~~~~~~~~~^^^^^^^^^
  File "C:\Users\lymuthien\AppData\Local\Programs\Python\Python313\Lib\site-packages\django\template\base.py", line 1016, in render
    return SafeString("".join([node.render_annotated(context) for node in self]))
                               ~~~~~~~~~~~~~~~~~~~~~^^^^^^^^^
  File "C:\Users\lymuthien\AppData\Local\Programs\Python\Python313\Lib\site-packages\django\template\base.py", line 977, in render_annotated
    return self.render(context)
           ~~~~~~~~~~~^^^^^^^^^
  File "C:\Users\lymuthien\AppData\Local\Programs\Python\Python313\Lib\site-packages\django\template\defaulttags.py", line 327, in render
    return nodelist.render(context)
           ~~~~~~~~~~~~~~~^^^^^^^^^
  File "C:\Users\lymuthien\AppData\Local\Programs\Python\Python313\Lib\site-packages\django\template\base.py", line 1016, in render
    return SafeString("".join([node.render_annotated(context) for node in self]))
                               ~~~~~~~~~~~~~~~~~~~~~^^^^^^^^^
  File "C:\Users\lymuthien\AppData\Local\Programs\Python\Python313\Lib\site-packages\django\template\base.py", line 977, in render_annotated
    return self.render(context)
           ~~~~~~~~~~~^^^^^^^^^
  File "C:\Users\lymuthien\AppData\Local\Programs\Python\Python313\Lib\site-packages\django\template\defaulttags.py", line 480, in render
    url = reverse(view_name, args=args, kwargs=kwargs, current_app=current_app)
  File "C:\Users\lymuthien\AppData\Local\Programs\Python\Python313\Lib\site-packages\django\urls\base.py", line 98, in reverse
    resolved_url = resolver._reverse_with_prefix(view, prefix, *args, **kwargs)
  File "C:\Users\lymuthien\AppData\Local\Programs\Python\Python313\Lib\site-packages\django\urls\resolvers.py", line 831, in _reverse_with_prefix
    raise NoReverseMatch(msg)
django.urls.exceptions.NoReverseMatch: Reverse for 'estate_update' not found. 'estate_update' is not a valid view function or pattern name.
2025-08-22 22:31:07,227 WARNING views User not authenticated or no client, request_exists set to False
2025-08-22 22:31:07,483 ERROR mapbox_client Error while requesting Mapbox API for address Гольшанская ул, 32, Минск: 401 Client Error: Unauthorized for url: https://api.mapbox.com/geocoding/v5/mapbox.places/%D0%93%D0%BE%D0%BB%D1%8C%D1%88%D0%B0%D0%BD%D1%81%D0%BA%D0%B0%D1%8F%20%D1%83%D0%BB%2C%2032%2C%20%D0%9C%D0%B8%D0%BD%D1%81%D0%BA.json?types=address&language=ru&limit=1
2025-08-22 22:31:07,484 INFO views EstateDetailView context prepared
2025-08-22 22:31:44,556 WARNING views User not authenticated or no client, request_exists set to False
2025-08-22 22:31:44,797 ERROR mapbox_client Error while requesting Mapbox API for address Гольшанская ул, 32, Минск: 401 Client Error: Unauthorized for url: https://api.mapbox.com/geocoding/v5/mapbox.places/%D0%93%D0%BE%D0%BB%D1%8C%D1%88%D0%B0%D0%BD%D1%81%D0%BA%D0%B0%D1%8F%20%D1%83%D0%BB%2C%2032%2C%20%D0%9C%D0%B8%D0%BD%D1%81%D0%BA.json?types=address&language=ru&limit=1
2025-08-22 22:31:44,798 INFO views EstateDetailView context prepared
2025-08-22 22:31:59,178 WARNING views User not authenticated or no client, request_exists set to False
2025-08-22 22:31:59,429 ERROR mapbox_client Error while requesting Mapbox API for address Гольшанская ул, 32, Минск: 401 Client Error: Unauthorized for url: https://api.mapbox.com/geocoding/v5/mapbox.places/%D0%93%D0%BE%D0%BB%D1%8C%D1%88%D0%B0%D0%BD%D1%81%D0%BA%D0%B0%D1%8F%20%D1%83%D0%BB%2C%2032%2C%20%D0%9C%D0%B8%D0%BD%D1%81%D0%BA.json?types=address&language=ru&limit=1
2025-08-22 22:31:59,429 INFO views EstateDetailView context prepared
2025-08-22 22:35:09,570 INFO autoreload D:\PythonProjects\BSUIR_IGI_STRWEB\IGI\LR5\real_estate_agency\catalog\views.py changed, reloading.
2025-08-22 22:35:10,570 INFO autoreload Watching for file changes with StatReloader
2025-08-22 22:35:41,051 INFO autoreload D:\PythonProjects\BSUIR_IGI_STRWEB\IGI\LR5\real_estate_agency\catalog\urls.py changed, reloading.
2025-08-22 22:35:41,928 INFO autoreload Watching for file changes with StatReloader
2025-08-22 22:37:48,974 INFO views AvailableEstateListView queryset prepared
2025-08-22 22:37:50,229 ERROR log Internal Server Error: /catalog/estate/create/
Traceback (most recent call last):
  File "C:\Users\lymuthien\AppData\Local\Programs\Python\Python313\Lib\site-packages\django\core\handlers\exception.py", line 55, in inner
    response = get_response(request)
  File "C:\Users\lymuthien\AppData\Local\Programs\Python\Python313\Lib\site-packages\django\core\handlers\base.py", line 220, in _get_response
    response = response.render()
  File "C:\Users\lymuthien\AppData\Local\Programs\Python\Python313\Lib\site-packages\django\template\response.py", line 114, in render
    self.content = self.rendered_content
                   ^^^^^^^^^^^^^^^^^^^^^
  File "C:\Users\lymuthien\AppData\Local\Programs\Python\Python313\Lib\site-packages\django\template\response.py", line 92, in rendered_content
    return template.render(context, self._request)
           ~~~~~~~~~~~~~~~^^^^^^^^^^^^^^^^^^^^^^^^
  File "C:\Users\lymuthien\AppData\Local\Programs\Python\Python313\Lib\site-packages\django\template\backends\django.py", line 107, in render
    return self.template.render(context)
           ~~~~~~~~~~~~~~~~~~~~^^^^^^^^^
  File "C:\Users\lymuthien\AppData\Local\Programs\Python\Python313\Lib\site-packages\django\template\base.py", line 171, in render
    return self._render(context)
           ~~~~~~~~~~~~^^^^^^^^^
  File "C:\Users\lymuthien\AppData\Local\Programs\Python\Python313\Lib\site-packages\django\template\base.py", line 163, in _render
    return self.nodelist.render(context)
           ~~~~~~~~~~~~~~~~~~~~^^^^^^^^^
  File "C:\Users\lymuthien\AppData\Local\Programs\Python\Python313\Lib\site-packages\django\template\base.py", line 1016, in render
    return SafeString("".join([node.render_annotated(context) for node in self]))
                               ~~~~~~~~~~~~~~~~~~~~~^^^^^^^^^
  File "C:\Users\lymuthien\AppData\Local\Programs\Python\Python313\Lib\site-packages\django\template\base.py", line 977, in render_annotated
    return self.render(context)
           ~~~~~~~~~~~^^^^^^^^^
  File "C:\Users\lymuthien\AppData\Local\Programs\Python\Python313\Lib\site-packages\django\template\loader_tags.py", line 159, in render
    return compiled_parent._render(context)
           ~~~~~~~~~~~~~~~~~~~~~~~^^^^^^^^^
  File "C:\Users\lymuthien\AppData\Local\Programs\Python\Python313\Lib\site-packages\django\template\base.py", line 163, in _render
    return self.nodelist.render(context)
           ~~~~~~~~~~~~~~~~~~~~^^^^^^^^^
  File "C:\Users\lymuthien\AppData\Local\Programs\Python\Python313\Lib\site-packages\django\template\base.py", line 1016, in render
    return SafeString("".join([node.render_annotated(context) for node in self]))
                               ~~~~~~~~~~~~~~~~~~~~~^^^^^^^^^
  File "C:\Users\lymuthien\AppData\Local\Programs\Python\Python313\Lib\site-packages\django\template\base.py", line 977, in render_annotated
    return self.render(context)
           ~~~~~~~~~~~^^^^^^^^^
  File "C:\Users\lymuthien\AppData\Local\Programs\Python\Python313\Lib\site-packages\django\template\loader_tags.py", line 65, in render
    result = block.nodelist.render(context)
  File "C:\Users\lymuthien\AppData\Local\Programs\Python\Python313\Lib\site-packages\django\template\base.py", line 1016, in render
    return SafeString("".join([node.render_annotated(context) for node in self]))
                               ~~~~~~~~~~~~~~~~~~~~~^^^^^^^^^
  File "C:\Users\lymuthien\AppData\Local\Programs\Python\Python313\Lib\site-packages\django\template\base.py", line 977, in render_annotated
    return self.render(context)
           ~~~~~~~~~~~^^^^^^^^^
  File "C:\Users\lymuthien\AppData\Local\Programs\Python\Python313\Lib\site-packages\django\template\defaulttags.py", line 327, in render
    return nodelist.render(context)
           ~~~~~~~~~~~~~~~^^^^^^^^^
  File "C:\Users\lymuthien\AppData\Local\Programs\Python\Python313\Lib\site-packages\django\template\base.py", line 1016, in render
    return SafeString("".join([node.render_annotated(context) for node in self]))
                               ~~~~~~~~~~~~~~~~~~~~~^^^^^^^^^
  File "C:\Users\lymuthien\AppData\Local\Programs\Python\Python313\Lib\site-packages\django\template\base.py", line 977, in render_annotated
    return self.render(context)
           ~~~~~~~~~~~^^^^^^^^^
  File "C:\Users\lymuthien\AppData\Local\Programs\Python\Python313\Lib\site-packages\django\template\defaulttags.py", line 480, in render
    url = reverse(view_name, args=args, kwargs=kwargs, current_app=current_app)
  File "C:\Users\lymuthien\AppData\Local\Programs\Python\Python313\Lib\site-packages\django\urls\base.py", line 98, in reverse
    resolved_url = resolver._reverse_with_prefix(view, prefix, *args, **kwargs)
  File "C:\Users\lymuthien\AppData\Local\Programs\Python\Python313\Lib\site-packages\django\urls\resolvers.py", line 831, in _reverse_with_prefix
    raise NoReverseMatch(msg)
django.urls.exceptions.NoReverseMatch: Reverse for 'estate_list' not found. 'estate_list' is not a valid view function or pattern name.
2025-08-22 22:38:36,165 INFO views AvailableEstateListView queryset prepared
2025-08-22 22:38:48,893 ERROR log Internal Server Error: /catalog/estate/create/
Traceback (most recent call last):
  File "C:\Users\lymuthien\AppData\Local\Programs\Python\Python313\Lib\site-packages\django\core\handlers\exception.py", line 55, in inner
    response = get_response(request)
  File "C:\Users\lymuthien\AppData\Local\Programs\Python\Python313\Lib\site-packages\django\core\handlers\base.py", line 220, in _get_response
    response = response.render()
  File "C:\Users\lymuthien\AppData\Local\Programs\Python\Python313\Lib\site-packages\django\template\response.py", line 114, in render
    self.content = self.rendered_content
                   ^^^^^^^^^^^^^^^^^^^^^
  File "C:\Users\lymuthien\AppData\Local\Programs\Python\Python313\Lib\site-packages\django\template\response.py", line 92, in rendered_content
    return template.render(context, self._request)
           ~~~~~~~~~~~~~~~^^^^^^^^^^^^^^^^^^^^^^^^
  File "C:\Users\lymuthien\AppData\Local\Programs\Python\Python313\Lib\site-packages\django\template\backends\django.py", line 107, in render
    return self.template.render(context)
           ~~~~~~~~~~~~~~~~~~~~^^^^^^^^^
  File "C:\Users\lymuthien\AppData\Local\Programs\Python\Python313\Lib\site-packages\django\template\base.py", line 171, in render
    return self._render(context)
           ~~~~~~~~~~~~^^^^^^^^^
  File "C:\Users\lymuthien\AppData\Local\Programs\Python\Python313\Lib\site-packages\django\template\base.py", line 163, in _render
    return self.nodelist.render(context)
           ~~~~~~~~~~~~~~~~~~~~^^^^^^^^^
  File "C:\Users\lymuthien\AppData\Local\Programs\Python\Python313\Lib\site-packages\django\template\base.py", line 1016, in render
    return SafeString("".join([node.render_annotated(context) for node in self]))
                               ~~~~~~~~~~~~~~~~~~~~~^^^^^^^^^
  File "C:\Users\lymuthien\AppData\Local\Programs\Python\Python313\Lib\site-packages\django\template\base.py", line 977, in render_annotated
    return self.render(context)
           ~~~~~~~~~~~^^^^^^^^^
  File "C:\Users\lymuthien\AppData\Local\Programs\Python\Python313\Lib\site-packages\django\template\loader_tags.py", line 159, in render
    return compiled_parent._render(context)
           ~~~~~~~~~~~~~~~~~~~~~~~^^^^^^^^^
  File "C:\Users\lymuthien\AppData\Local\Programs\Python\Python313\Lib\site-packages\django\template\base.py", line 163, in _render
    return self.nodelist.render(context)
           ~~~~~~~~~~~~~~~~~~~~^^^^^^^^^
  File "C:\Users\lymuthien\AppData\Local\Programs\Python\Python313\Lib\site-packages\django\template\base.py", line 1016, in render
    return SafeString("".join([node.render_annotated(context) for node in self]))
                               ~~~~~~~~~~~~~~~~~~~~~^^^^^^^^^
  File "C:\Users\lymuthien\AppData\Local\Programs\Python\Python313\Lib\site-packages\django\template\base.py", line 977, in render_annotated
    return self.render(context)
           ~~~~~~~~~~~^^^^^^^^^
  File "C:\Users\lymuthien\AppData\Local\Programs\Python\Python313\Lib\site-packages\django\template\loader_tags.py", line 65, in render
    result = block.nodelist.render(context)
  File "C:\Users\lymuthien\AppData\Local\Programs\Python\Python313\Lib\site-packages\django\template\base.py", line 1016, in render
    return SafeString("".join([node.render_annotated(context) for node in self]))
                               ~~~~~~~~~~~~~~~~~~~~~^^^^^^^^^
  File "C:\Users\lymuthien\AppData\Local\Programs\Python\Python313\Lib\site-packages\django\template\base.py", line 977, in render_annotated
    return self.render(context)
           ~~~~~~~~~~~^^^^^^^^^
  File "C:\Users\lymuthien\AppData\Local\Programs\Python\Python313\Lib\site-packages\django\template\defaulttags.py", line 327, in render
    return nodelist.render(context)
           ~~~~~~~~~~~~~~~^^^^^^^^^
  File "C:\Users\lymuthien\AppData\Local\Programs\Python\Python313\Lib\site-packages\django\template\base.py", line 1016, in render
    return SafeString("".join([node.render_annotated(context) for node in self]))
                               ~~~~~~~~~~~~~~~~~~~~~^^^^^^^^^
  File "C:\Users\lymuthien\AppData\Local\Programs\Python\Python313\Lib\site-packages\django\template\base.py", line 977, in render_annotated
    return self.render(context)
           ~~~~~~~~~~~^^^^^^^^^
  File "C:\Users\lymuthien\AppData\Local\Programs\Python\Python313\Lib\site-packages\django\template\defaulttags.py", line 480, in render
    url = reverse(view_name, args=args, kwargs=kwargs, current_app=current_app)
  File "C:\Users\lymuthien\AppData\Local\Programs\Python\Python313\Lib\site-packages\django\urls\base.py", line 98, in reverse
    resolved_url = resolver._reverse_with_prefix(view, prefix, *args, **kwargs)
  File "C:\Users\lymuthien\AppData\Local\Programs\Python\Python313\Lib\site-packages\django\urls\resolvers.py", line 831, in _reverse_with_prefix
    raise NoReverseMatch(msg)
django.urls.exceptions.NoReverseMatch: Reverse for 'catalog' not found. 'catalog' is not a valid view function or pattern name.
2025-08-22 22:39:15,135 WARNING views User not authenticated or no client, request_exists set to False
2025-08-22 22:39:15,314 ERROR mapbox_client Error while requesting Mapbox API for address Тимирязева ул, 28, Минск: 401 Client Error: Unauthorized for url: https://api.mapbox.com/geocoding/v5/mapbox.places/%D0%A2%D0%B8%D0%BC%D0%B8%D1%80%D1%8F%D0%B7%D0%B5%D0%B2%D0%B0%20%D1%83%D0%BB%2C%2028%2C%20%D0%9C%D0%B8%D0%BD%D1%81%D0%BA.json?types=address&language=ru&limit=1
2025-08-22 22:39:15,315 INFO views EstateDetailView context prepared
2025-08-22 22:39:16,822 INFO views AvailableEstateListView queryset prepared
2025-08-22 22:40:29,883 ERROR log Internal Server Error: /catalog/estate/create/
Traceback (most recent call last):
  File "C:\Users\lymuthien\AppData\Local\Programs\Python\Python313\Lib\site-packages\django\core\handlers\exception.py", line 55, in inner
    response = get_response(request)
  File "C:\Users\lymuthien\AppData\Local\Programs\Python\Python313\Lib\site-packages\django\core\handlers\base.py", line 197, in _get_response
    response = wrapped_callback(request, *callback_args, **callback_kwargs)
  File "C:\Users\lymuthien\AppData\Local\Programs\Python\Python313\Lib\site-packages\django\views\generic\base.py", line 105, in view
    return self.dispatch(request, *args, **kwargs)
           ~~~~~~~~~~~~~^^^^^^^^^^^^^^^^^^^^^^^^^^
  File "C:\Users\lymuthien\AppData\Local\Programs\Python\Python313\Lib\site-packages\django\contrib\auth\mixins.py", line 109, in dispatch
    return super().dispatch(request, *args, **kwargs)
           ~~~~~~~~~~~~~~~~^^^^^^^^^^^^^^^^^^^^^^^^^^
  File "C:\Users\lymuthien\AppData\Local\Programs\Python\Python313\Lib\site-packages\django\views\generic\base.py", line 144, in dispatch
    return handler(request, *args, **kwargs)
  File "C:\Users\lymuthien\AppData\Local\Programs\Python\Python313\Lib\site-packages\django\views\generic\edit.py", line 182, in post
    return super().post(request, *args, **kwargs)
           ~~~~~~~~~~~~^^^^^^^^^^^^^^^^^^^^^^^^^^
  File "C:\Users\lymuthien\AppData\Local\Programs\Python\Python313\Lib\site-packages\django\views\generic\edit.py", line 151, in post
    return self.form_valid(form)
           ~~~~~~~~~~~~~~~^^^^^^
  File "D:\PythonProjects\BSUIR_IGI_STRWEB\IGI\LR5\real_estate_agency\catalog\views.py", line 167, in form_valid
    return super().form_valid(form)
           ~~~~~~~~~~~~~~~~~~^^^^^^
  File "C:\Users\lymuthien\AppData\Local\Programs\Python\Python313\Lib\site-packages\django\views\generic\edit.py", line 134, in form_valid
    return super().form_valid(form)
           ~~~~~~~~~~~~~~~~~~^^^^^^
  File "C:\Users\lymuthien\AppData\Local\Programs\Python\Python313\Lib\site-packages\django\views\generic\edit.py", line 63, in form_valid
    return HttpResponseRedirect(self.get_success_url())
                                ~~~~~~~~~~~~~~~~~~~~^^
  File "C:\Users\lymuthien\AppData\Local\Programs\Python\Python313\Lib\site-packages\django\views\generic\edit.py", line 119, in get_success_url
    if self.success_url:
       ^^^^^^^^^^^^^^^^
  File "C:\Users\lymuthien\AppData\Local\Programs\Python\Python313\Lib\site-packages\django\utils\functional.py", line 187, in __wrapper__
    result = func(*self._args, **self._kw)
  File "C:\Users\lymuthien\AppData\Local\Programs\Python\Python313\Lib\site-packages\django\urls\base.py", line 98, in reverse
    resolved_url = resolver._reverse_with_prefix(view, prefix, *args, **kwargs)
  File "C:\Users\lymuthien\AppData\Local\Programs\Python\Python313\Lib\site-packages\django\urls\resolvers.py", line 831, in _reverse_with_prefix
    raise NoReverseMatch(msg)
django.urls.exceptions.NoReverseMatch: Reverse for 'estate_list' not found. 'estate_list' is not a valid view function or pattern name.
2025-08-22 22:41:16,836 INFO autoreload D:\PythonProjects\BSUIR_IGI_STRWEB\IGI\LR5\real_estate_agency\catalog\views.py changed, reloading.
2025-08-22 22:41:18,372 INFO autoreload Watching for file changes with StatReloader
2025-08-22 22:41:23,519 INFO views AvailableEstateListView queryset prepared
2025-08-22 22:41:26,844 INFO views AvailableEstateListView queryset prepared
2025-08-22 22:41:38,683 WARNING views User not authenticated or no client, request_exists set to False
2025-08-22 22:41:38,869 ERROR mapbox_client Error while requesting Mapbox API for address Минск, Брилевская, 3744: 401 Client Error: Unauthorized for url: https://api.mapbox.com/geocoding/v5/mapbox.places/%D0%9C%D0%B8%D0%BD%D1%81%D0%BA%2C%20%D0%91%D1%80%D0%B8%D0%BB%D0%B5%D0%B2%D1%81%D0%BA%D0%B0%D1%8F%2C%203744.json?types=address&language=ru&limit=1
2025-08-22 22:41:38,869 INFO views EstateDetailView context prepared
2025-08-22 22:41:43,900 WARNING views User not authenticated or no client, request_exists set to False
2025-08-22 22:41:44,234 ERROR mapbox_client Error while requesting Mapbox API for address Минск, Брилевская, 3744: 401 Client Error: Unauthorized for url: https://api.mapbox.com/geocoding/v5/mapbox.places/%D0%9C%D0%B8%D0%BD%D1%81%D0%BA%2C%20%D0%91%D1%80%D0%B8%D0%BB%D0%B5%D0%B2%D1%81%D0%BA%D0%B0%D1%8F%2C%203744.json?types=address&language=ru&limit=1
2025-08-22 22:41:44,235 INFO views EstateDetailView context prepared
2025-08-22 22:41:47,899 INFO views AvailableEstateListView queryset prepared
2025-08-22 22:41:56,681 INFO views AvailableEstateListView queryset prepared
2025-08-22 22:41:58,260 WARNING views User not authenticated or no client, request_exists set to False
2025-08-22 22:41:58,474 ERROR mapbox_client Error while requesting Mapbox API for address Минск, Брилевская, 3744: 401 Client Error: Unauthorized for url: https://api.mapbox.com/geocoding/v5/mapbox.places/%D0%9C%D0%B8%D0%BD%D1%81%D0%BA%2C%20%D0%91%D1%80%D0%B8%D0%BB%D0%B5%D0%B2%D1%81%D0%BA%D0%B0%D1%8F%2C%203744.json?types=address&language=ru&limit=1
2025-08-22 22:41:58,474 INFO views EstateDetailView context prepared
2025-08-22 22:42:03,907 INFO views AvailableEstateListView queryset prepared
2025-08-22 22:42:07,944 INFO views AvailableEstateListView queryset prepared
2025-08-22 22:42:37,062 INFO timezone_service ip:127.0.0.1
2025-08-22 22:42:37,513 INFO views Timezone determined for user lymuthien: UTC
2025-08-22 22:43:25,939 INFO autoreload Watching for file changes with StatReloader
2025-08-22 22:45:48,435 INFO timezone_service ip:127.0.0.1
2025-08-22 22:45:48,772 INFO views Timezone determined for user lymuthien: UTC
2025-08-22 22:49:26,740 INFO autoreload D:\PythonProjects\BSUIR_IGI_STRWEB\IGI\LR5\real_estate_agency\users\urls.py changed, reloading.
2025-08-22 22:49:28,053 INFO autoreload Watching for file changes with StatReloader
2025-08-22 22:49:45,927 INFO autoreload D:\PythonProjects\BSUIR_IGI_STRWEB\IGI\LR5\real_estate_agency\users\urls.py changed, reloading.
2025-08-22 22:49:47,254 INFO autoreload Watching for file changes with StatReloader
2025-08-22 22:50:05,906 INFO autoreload D:\PythonProjects\BSUIR_IGI_STRWEB\IGI\LR5\real_estate_agency\users\urls.py changed, reloading.
2025-08-22 22:50:07,188 INFO autoreload Watching for file changes with StatReloader
2025-08-22 22:50:54,551 INFO autoreload D:\PythonProjects\BSUIR_IGI_STRWEB\IGI\LR5\real_estate_agency\users\forms.py changed, reloading.
2025-08-22 22:50:55,840 INFO autoreload Watching for file changes with StatReloader
2025-08-22 22:52:15,686 INFO timezone_service ip:127.0.0.1
2025-08-22 22:52:15,987 INFO views Timezone determined for user lymuthien: UTC
2025-08-22 22:52:17,332 ERROR log Internal Server Error: /accounts/admin/clients/
Traceback (most recent call last):
  File "C:\Users\lymuthien\AppData\Local\Programs\Python\Python313\Lib\site-packages\django\core\handlers\exception.py", line 55, in inner
    response = get_response(request)
  File "C:\Users\lymuthien\AppData\Local\Programs\Python\Python313\Lib\site-packages\django\core\handlers\base.py", line 220, in _get_response
    response = response.render()
  File "C:\Users\lymuthien\AppData\Local\Programs\Python\Python313\Lib\site-packages\django\template\response.py", line 114, in render
    self.content = self.rendered_content
                   ^^^^^^^^^^^^^^^^^^^^^
  File "C:\Users\lymuthien\AppData\Local\Programs\Python\Python313\Lib\site-packages\django\template\response.py", line 90, in rendered_content
    template = self.resolve_template(self.template_name)
  File "C:\Users\lymuthien\AppData\Local\Programs\Python\Python313\Lib\site-packages\django\template\response.py", line 72, in resolve_template
    return select_template(template, using=self.using)
  File "C:\Users\lymuthien\AppData\Local\Programs\Python\Python313\Lib\site-packages\django\template\loader.py", line 47, in select_template
    raise TemplateDoesNotExist(", ".join(template_name_list), chain=chain)
django.template.exceptions.TemplateDoesNotExist: admin/admin_clients.html, users/client_list.html
2025-08-22 22:54:03,510 INFO autoreload D:\PythonProjects\BSUIR_IGI_STRWEB\IGI\LR5\real_estate_agency\users\views_admin.py changed, reloading.
2025-08-22 22:54:04,883 INFO autoreload Watching for file changes with StatReloader
2025-08-22 22:54:11,549 ERROR log Internal Server Error: /accounts/admin/client/19/edit/
Traceback (most recent call last):
  File "C:\Users\lymuthien\AppData\Local\Programs\Python\Python313\Lib\site-packages\django\core\handlers\exception.py", line 55, in inner
    response = get_response(request)
  File "C:\Users\lymuthien\AppData\Local\Programs\Python\Python313\Lib\site-packages\django\core\handlers\base.py", line 220, in _get_response
    response = response.render()
  File "C:\Users\lymuthien\AppData\Local\Programs\Python\Python313\Lib\site-packages\django\template\response.py", line 114, in render
    self.content = self.rendered_content
                   ^^^^^^^^^^^^^^^^^^^^^
  File "C:\Users\lymuthien\AppData\Local\Programs\Python\Python313\Lib\site-packages\django\template\response.py", line 90, in rendered_content
    template = self.resolve_template(self.template_name)
  File "C:\Users\lymuthien\AppData\Local\Programs\Python\Python313\Lib\site-packages\django\template\response.py", line 72, in resolve_template
    return select_template(template, using=self.using)
  File "C:\Users\lymuthien\AppData\Local\Programs\Python\Python313\Lib\site-packages\django\template\loader.py", line 47, in select_template
    raise TemplateDoesNotExist(", ".join(template_name_list), chain=chain)
django.template.exceptions.TemplateDoesNotExist: admin_client_form.html
2025-08-22 22:54:50,689 ERROR log Internal Server Error: /accounts/admin/client/11/edit/
Traceback (most recent call last):
  File "C:\Users\lymuthien\AppData\Local\Programs\Python\Python313\Lib\site-packages\django\core\handlers\exception.py", line 55, in inner
    response = get_response(request)
  File "C:\Users\lymuthien\AppData\Local\Programs\Python\Python313\Lib\site-packages\django\core\handlers\base.py", line 220, in _get_response
    response = response.render()
  File "C:\Users\lymuthien\AppData\Local\Programs\Python\Python313\Lib\site-packages\django\template\response.py", line 114, in render
    self.content = self.rendered_content
                   ^^^^^^^^^^^^^^^^^^^^^
  File "C:\Users\lymuthien\AppData\Local\Programs\Python\Python313\Lib\site-packages\django\template\response.py", line 90, in rendered_content
    template = self.resolve_template(self.template_name)
  File "C:\Users\lymuthien\AppData\Local\Programs\Python\Python313\Lib\site-packages\django\template\response.py", line 72, in resolve_template
    return select_template(template, using=self.using)
  File "C:\Users\lymuthien\AppData\Local\Programs\Python\Python313\Lib\site-packages\django\template\loader.py", line 47, in select_template
    raise TemplateDoesNotExist(", ".join(template_name_list), chain=chain)
django.template.exceptions.TemplateDoesNotExist: admin_client_form.html
2025-08-22 22:55:31,513 ERROR log Internal Server Error: /accounts/admin/client/19/edit/
Traceback (most recent call last):
  File "C:\Users\lymuthien\AppData\Local\Programs\Python\Python313\Lib\site-packages\django\core\handlers\exception.py", line 55, in inner
    response = get_response(request)
  File "C:\Users\lymuthien\AppData\Local\Programs\Python\Python313\Lib\site-packages\django\core\handlers\base.py", line 220, in _get_response
    response = response.render()
  File "C:\Users\lymuthien\AppData\Local\Programs\Python\Python313\Lib\site-packages\django\template\response.py", line 114, in render
    self.content = self.rendered_content
                   ^^^^^^^^^^^^^^^^^^^^^
  File "C:\Users\lymuthien\AppData\Local\Programs\Python\Python313\Lib\site-packages\django\template\response.py", line 90, in rendered_content
    template = self.resolve_template(self.template_name)
  File "C:\Users\lymuthien\AppData\Local\Programs\Python\Python313\Lib\site-packages\django\template\response.py", line 72, in resolve_template
    return select_template(template, using=self.using)
  File "C:\Users\lymuthien\AppData\Local\Programs\Python\Python313\Lib\site-packages\django\template\loader.py", line 47, in select_template
    raise TemplateDoesNotExist(", ".join(template_name_list), chain=chain)
django.template.exceptions.TemplateDoesNotExist: admin_client_form.html
2025-08-22 22:59:22,153 INFO autoreload D:\PythonProjects\BSUIR_IGI_STRWEB\IGI\LR5\real_estate_agency\users\forms.py changed, reloading.
2025-08-22 22:59:23,422 INFO autoreload Watching for file changes with StatReloader
2025-08-22 23:03:32,938 INFO timezone_service ip:127.0.0.1
2025-08-22 23:03:33,266 INFO views Timezone determined for user lymuthien: UTC
2025-08-22 23:04:56,557 INFO views AvailableEstateListView queryset prepared
2025-08-22 23:04:58,057 WARNING views User not authenticated or no client, request_exists set to False
2025-08-22 23:04:58,236 ERROR mapbox_client Error while requesting Mapbox API for address Тимирязева ул, 28, Минск: 401 Client Error: Unauthorized for url: https://api.mapbox.com/geocoding/v5/mapbox.places/%D0%A2%D0%B8%D0%BC%D0%B8%D1%80%D1%8F%D0%B7%D0%B5%D0%B2%D0%B0%20%D1%83%D0%BB%2C%2028%2C%20%D0%9C%D0%B8%D0%BD%D1%81%D0%BA.json?types=address&language=ru&limit=1
2025-08-22 23:04:58,236 INFO views EstateDetailView context prepared
2025-08-22 23:05:28,917 WARNING log Not Found: /estate/1/
2025-08-22 23:05:46,249 WARNING log Not Found: /estate/1/
2025-08-22 23:06:16,986 WARNING log Not Found: /estates/
2025-08-22 23:06:21,153 WARNING log Not Found: /estates/
2025-08-22 23:07:28,244 WARNING log Not Found: /estates/
2025-08-22 23:07:34,299 INFO views AvailableEstateListView queryset prepared
2025-08-22 23:07:40,372 WARNING views User not authenticated or no client, request_exists set to False
2025-08-22 23:07:40,514 ERROR mapbox_client Error while requesting Mapbox API for address Тимирязева ул, 28, Минск: 401 Client Error: Unauthorized for url: https://api.mapbox.com/geocoding/v5/mapbox.places/%D0%A2%D0%B8%D0%BC%D0%B8%D1%80%D1%8F%D0%B7%D0%B5%D0%B2%D0%B0%20%D1%83%D0%BB%2C%2028%2C%20%D0%9C%D0%B8%D0%BD%D1%81%D0%BA.json?types=address&language=ru&limit=1
2025-08-22 23:07:40,514 INFO views EstateDetailView context prepared
2025-08-22 23:07:42,917 WARNING views User not authenticated or no client, request_exists set to False
2025-08-22 23:07:43,017 ERROR mapbox_client Error while requesting Mapbox API for address Тимирязева ул, 28, Минск: 401 Client Error: Unauthorized for url: https://api.mapbox.com/geocoding/v5/mapbox.places/%D0%A2%D0%B8%D0%BC%D0%B8%D1%80%D1%8F%D0%B7%D0%B5%D0%B2%D0%B0%20%D1%83%D0%BB%2C%2028%2C%20%D0%9C%D0%B8%D0%BD%D1%81%D0%BA.json?types=address&language=ru&limit=1
2025-08-22 23:07:43,017 INFO views EstateDetailView context prepared
2025-08-22 23:08:09,668 WARNING views User not authenticated or no client, request_exists set to False
2025-08-22 23:08:09,846 ERROR mapbox_client Error while requesting Mapbox API for address Тимирязева ул, 28, Минск: 401 Client Error: Unauthorized for url: https://api.mapbox.com/geocoding/v5/mapbox.places/%D0%A2%D0%B8%D0%BC%D0%B8%D1%80%D1%8F%D0%B7%D0%B5%D0%B2%D0%B0%20%D1%83%D0%BB%2C%2028%2C%20%D0%9C%D0%B8%D0%BD%D1%81%D0%BA.json?types=address&language=ru&limit=1
2025-08-22 23:08:09,846 INFO views EstateDetailView context prepared
2025-08-22 23:09:00,479 WARNING views User not authenticated or no client, request_exists set to False
2025-08-22 23:09:00,692 ERROR mapbox_client Error while requesting Mapbox API for address Тимирязева ул, 28, Минск: 401 Client Error: Unauthorized for url: https://api.mapbox.com/geocoding/v5/mapbox.places/%D0%A2%D0%B8%D0%BC%D0%B8%D1%80%D1%8F%D0%B7%D0%B5%D0%B2%D0%B0%20%D1%83%D0%BB%2C%2028%2C%20%D0%9C%D0%B8%D0%BD%D1%81%D0%BA.json?types=address&language=ru&limit=1
2025-08-22 23:09:00,693 INFO views EstateDetailView context prepared
2025-08-22 23:09:01,768 WARNING log Not Found: /catalog/estate/3/update/image.jpg
2025-08-22 23:09:05,312 WARNING log Not Found: /estate/1/
2025-08-22 23:10:28,471 WARNING log Not Found: /estate/1/
2025-08-22 23:10:32,129 WARNING views User not authenticated or no client, request_exists set to False
2025-08-22 23:10:32,310 ERROR mapbox_client Error while requesting Mapbox API for address Тимирязева ул, 28, Минск: 401 Client Error: Unauthorized for url: https://api.mapbox.com/geocoding/v5/mapbox.places/%D0%A2%D0%B8%D0%BC%D0%B8%D1%80%D1%8F%D0%B7%D0%B5%D0%B2%D0%B0%20%D1%83%D0%BB%2C%2028%2C%20%D0%9C%D0%B8%D0%BD%D1%81%D0%BA.json?types=address&language=ru&limit=1
2025-08-22 23:10:32,310 INFO views EstateDetailView context prepared
2025-08-22 23:10:55,828 WARNING views User not authenticated or no client, request_exists set to False
2025-08-22 23:10:56,020 ERROR mapbox_client Error while requesting Mapbox API for address Тимирязева ул, 28, Минск: 401 Client Error: Unauthorized for url: https://api.mapbox.com/geocoding/v5/mapbox.places/%D0%A2%D0%B8%D0%BC%D0%B8%D1%80%D1%8F%D0%B7%D0%B5%D0%B2%D0%B0%20%D1%83%D0%BB%2C%2028%2C%20%D0%9C%D0%B8%D0%BD%D1%81%D0%BA.json?types=address&language=ru&limit=1
2025-08-22 23:10:56,020 INFO views EstateDetailView context prepared
2025-08-22 23:11:00,257 WARNING views User not authenticated or no client, request_exists set to False
2025-08-22 23:11:00,372 ERROR mapbox_client Error while requesting Mapbox API for address Тимирязева ул, 28, Минск: 401 Client Error: Unauthorized for url: https://api.mapbox.com/geocoding/v5/mapbox.places/%D0%A2%D0%B8%D0%BC%D0%B8%D1%80%D1%8F%D0%B7%D0%B5%D0%B2%D0%B0%20%D1%83%D0%BB%2C%2028%2C%20%D0%9C%D0%B8%D0%BD%D1%81%D0%BA.json?types=address&language=ru&limit=1
2025-08-22 23:11:00,373 INFO views EstateDetailView context prepared
2025-08-22 23:11:31,242 INFO views ServiceListView queryset prepared
2025-08-22 23:11:31,746 INFO views AvailableEstateListView queryset prepared
2025-08-22 23:11:31,778 ERROR log Internal Server Error: /catalog/
Traceback (most recent call last):
  File "C:\Users\lymuthien\AppData\Local\Programs\Python\Python313\Lib\site-packages\django\core\handlers\exception.py", line 55, in inner
    response = get_response(request)
  File "C:\Users\lymuthien\AppData\Local\Programs\Python\Python313\Lib\site-packages\django\core\handlers\base.py", line 220, in _get_response
    response = response.render()
  File "C:\Users\lymuthien\AppData\Local\Programs\Python\Python313\Lib\site-packages\django\template\response.py", line 114, in render
    self.content = self.rendered_content
                   ^^^^^^^^^^^^^^^^^^^^^
  File "C:\Users\lymuthien\AppData\Local\Programs\Python\Python313\Lib\site-packages\django\template\response.py", line 90, in rendered_content
    template = self.resolve_template(self.template_name)
  File "C:\Users\lymuthien\AppData\Local\Programs\Python\Python313\Lib\site-packages\django\template\response.py", line 72, in resolve_template
    return select_template(template, using=self.using)
  File "C:\Users\lymuthien\AppData\Local\Programs\Python\Python313\Lib\site-packages\django\template\loader.py", line 42, in select_template
    return engine.get_template(template_name)
           ~~~~~~~~~~~~~~~~~~~^^^^^^^^^^^^^^^
  File "C:\Users\lymuthien\AppData\Local\Programs\Python\Python313\Lib\site-packages\django\template\backends\django.py", line 79, in get_template
    return Template(self.engine.get_template(template_name), self)
                    ~~~~~~~~~~~~~~~~~~~~~~~~^^^^^^^^^^^^^^^
  File "C:\Users\lymuthien\AppData\Local\Programs\Python\Python313\Lib\site-packages\django\template\engine.py", line 177, in get_template
    template, origin = self.find_template(template_name)
                       ~~~~~~~~~~~~~~~~~~^^^^^^^^^^^^^^^
  File "C:\Users\lymuthien\AppData\Local\Programs\Python\Python313\Lib\site-packages\django\template\engine.py", line 159, in find_template
    template = loader.get_template(name, skip=skip)
  File "C:\Users\lymuthien\AppData\Local\Programs\Python\Python313\Lib\site-packages\django\template\loaders\cached.py", line 57, in get_template
    template = super().get_template(template_name, skip)
  File "C:\Users\lymuthien\AppData\Local\Programs\Python\Python313\Lib\site-packages\django\template\loaders\base.py", line 28, in get_template
    return Template(
        contents,
    ...<2 lines>...
        self.engine,
    )
  File "C:\Users\lymuthien\AppData\Local\Programs\Python\Python313\Lib\site-packages\django\template\base.py", line 154, in __init__
    self.nodelist = self.compile_nodelist()
                    ~~~~~~~~~~~~~~~~~~~~~^^
  File "C:\Users\lymuthien\AppData\Local\Programs\Python\Python313\Lib\site-packages\django\template\base.py", line 196, in compile_nodelist
    nodelist = parser.parse()
  File "C:\Users\lymuthien\AppData\Local\Programs\Python\Python313\Lib\site-packages\django\template\base.py", line 518, in parse
    raise self.error(token, e)
  File "C:\Users\lymuthien\AppData\Local\Programs\Python\Python313\Lib\site-packages\django\template\base.py", line 516, in parse
    compiled_result = compile_func(self, token)
  File "C:\Users\lymuthien\AppData\Local\Programs\Python\Python313\Lib\site-packages\django\template\loader_tags.py", line 299, in do_extends
    nodelist = parser.parse()
  File "C:\Users\lymuthien\AppData\Local\Programs\Python\Python313\Lib\site-packages\django\template\base.py", line 518, in parse
    raise self.error(token, e)
  File "C:\Users\lymuthien\AppData\Local\Programs\Python\Python313\Lib\site-packages\django\template\base.py", line 516, in parse
    compiled_result = compile_func(self, token)
  File "C:\Users\lymuthien\AppData\Local\Programs\Python\Python313\Lib\site-packages\django\template\loader_tags.py", line 299, in do_extends
    nodelist = parser.parse()
  File "C:\Users\lymuthien\AppData\Local\Programs\Python\Python313\Lib\site-packages\django\template\base.py", line 518, in parse
    raise self.error(token, e)
  File "C:\Users\lymuthien\AppData\Local\Programs\Python\Python313\Lib\site-packages\django\template\base.py", line 516, in parse
    compiled_result = compile_func(self, token)
  File "C:\Users\lymuthien\AppData\Local\Programs\Python\Python313\Lib\site-packages\django\template\loader_tags.py", line 228, in do_block
    raise TemplateSyntaxError(
        "'%s' tag with name '%s' appears more than once" % (bits[0], block_name)
    )
django.template.exceptions.TemplateSyntaxError: 'block' tag with name 'title' appears more than once
2025-08-22 23:11:40,699 INFO views AvailableEstateListView queryset prepared
2025-08-22 23:11:43,704 INFO views AvailableEstateListView queryset prepared
2025-08-22 23:11:52,981 WARNING views User not authenticated or no client, request_exists set to False
2025-08-22 23:11:53,099 ERROR mapbox_client Error while requesting Mapbox API for address Тимирязева ул, 28, Минск: 401 Client Error: Unauthorized for url: https://api.mapbox.com/geocoding/v5/mapbox.places/%D0%A2%D0%B8%D0%BC%D0%B8%D1%80%D1%8F%D0%B7%D0%B5%D0%B2%D0%B0%20%D1%83%D0%BB%2C%2028%2C%20%D0%9C%D0%B8%D0%BD%D1%81%D0%BA.json?types=address&language=ru&limit=1
2025-08-22 23:11:53,099 INFO views EstateDetailView context prepared
2025-08-22 23:11:57,998 INFO views AvailableEstateListView queryset prepared
2025-08-22 23:13:03,268 INFO views ServiceListView queryset prepared
2025-08-22 23:13:08,769 INFO views ServiceListView queryset prepared
2025-08-22 23:13:34,090 INFO views Preparing context for StatisticsView, user=lymuthien
2025-08-22 23:13:34,090 INFO statistic_calculator StatisticCalculator.get_sale_cost_stats()
2025-08-22 23:13:34,113 INFO statistic_calculator StatisticCalculator.get_client_ages()
2025-08-22 23:13:34,118 INFO statistic_calculator StatisticCalculator.get_services_sold_estate_count()
2025-08-22 23:13:34,121 INFO statistic_calculator StatisticCalculator.get_services_by_service_profit()
2025-08-22 23:13:34,124 INFO statistic_calculator StatisticCalculator.get_services_by_full_costs()
2025-08-22 23:13:34,126 INFO statistic_calculator StatisticCalculator.get_employees_by_service_profit()
2025-08-22 23:13:34,127 INFO statistic_calculator StatisticCalculator.get_employees_by_full_costs()
2025-08-22 23:13:34,471 INFO views StatisticsViewContext prepared for user: lymuthien
2025-08-22 23:18:27,988 INFO timezone_service ip:127.0.0.1
2025-08-22 23:18:28,263 INFO views Timezone determined for user lymuthien: UTC
2025-08-22 23:19:59,786 INFO timezone_service ip:127.0.0.1
2025-08-22 23:20:00,119 INFO views Timezone determined for user lymuthien: UTC
2025-08-22 23:23:22,858 INFO views ServiceListView queryset prepared
2025-08-22 23:23:26,526 INFO views AvailableEstateListView queryset prepared
2025-08-22 23:23:40,718 INFO views AvailableEstateListView queryset prepared
2025-09-10 17:14:52,961 INFO autoreload Watching for file changes with StatReloader
2025-09-10 17:14:56,487 WARNING log Not Found: /favicon.ico
2025-09-10 17:16:10,954 INFO autoreload D:\PythonProjects\BSUIR_IGI_STRWEB\STRWEB\LR1\real_estate_agency\home\models.py changed, reloading.
2025-09-10 17:16:11,883 INFO autoreload Watching for file changes with StatReloader
2025-09-10 17:16:30,363 INFO autoreload D:\PythonProjects\BSUIR_IGI_STRWEB\STRWEB\LR1\real_estate_agency\home\models.py changed, reloading.
2025-09-10 17:16:31,370 INFO autoreload Watching for file changes with StatReloader
2025-09-10 17:16:44,561 INFO autoreload D:\PythonProjects\BSUIR_IGI_STRWEB\STRWEB\LR1\real_estate_agency\home\models.py changed, reloading.
2025-09-10 17:16:45,650 INFO autoreload Watching for file changes with StatReloader
2025-09-10 17:17:14,580 INFO autoreload D:\PythonProjects\BSUIR_IGI_STRWEB\STRWEB\LR1\real_estate_agency\home\models.py changed, reloading.
2025-09-10 17:17:15,533 INFO autoreload Watching for file changes with StatReloader
2025-09-10 17:17:48,602 INFO autoreload D:\PythonProjects\BSUIR_IGI_STRWEB\STRWEB\LR1\real_estate_agency\home\models.py changed, reloading.
2025-09-10 17:17:49,944 INFO autoreload Watching for file changes with StatReloader
2025-09-10 17:18:46,722 INFO autoreload D:\PythonProjects\BSUIR_IGI_STRWEB\STRWEB\LR1\real_estate_agency\home\models.py changed, reloading.
2025-09-10 17:18:47,692 INFO autoreload Watching for file changes with StatReloader
2025-09-10 17:19:19,050 INFO autoreload D:\PythonProjects\BSUIR_IGI_STRWEB\STRWEB\LR1\real_estate_agency\home\models.py changed, reloading.
2025-09-10 17:19:20,472 INFO autoreload Watching for file changes with StatReloader
2025-09-10 17:19:39,097 INFO autoreload D:\PythonProjects\BSUIR_IGI_STRWEB\STRWEB\LR1\real_estate_agency\home\models.py changed, reloading.
2025-09-10 17:19:40,047 INFO autoreload Watching for file changes with StatReloader
2025-09-10 17:19:56,169 INFO autoreload D:\PythonProjects\BSUIR_IGI_STRWEB\STRWEB\LR1\real_estate_agency\home\models.py changed, reloading.
2025-09-10 17:19:57,077 INFO autoreload Watching for file changes with StatReloader
2025-09-10 17:20:57,933 ERROR log Internal Server Error: /home/
Traceback (most recent call last):
  File "C:\Users\lymuthien\AppData\Local\Programs\Python\Python313\Lib\site-packages\django\db\backends\utils.py", line 105, in _execute
    return self.cursor.execute(sql, params)
           ~~~~~~~~~~~~~~~~~~~^^^^^^^^^^^^^
  File "C:\Users\lymuthien\AppData\Local\Programs\Python\Python313\Lib\site-packages\django\db\backends\sqlite3\base.py", line 360, in execute
    return super().execute(query, params)
           ~~~~~~~~~~~~~~~^^^^^^^^^^^^^^^
sqlite3.OperationalError: no such column: home_news.text

The above exception was the direct cause of the following exception:

Traceback (most recent call last):
  File "C:\Users\lymuthien\AppData\Local\Programs\Python\Python313\Lib\site-packages\django\core\handlers\exception.py", line 55, in inner
    response = get_response(request)
  File "C:\Users\lymuthien\AppData\Local\Programs\Python\Python313\Lib\site-packages\django\core\handlers\base.py", line 197, in _get_response
    response = wrapped_callback(request, *callback_args, **callback_kwargs)
  File "C:\Users\lymuthien\AppData\Local\Programs\Python\Python313\Lib\site-packages\django\views\generic\base.py", line 105, in view
    return self.dispatch(request, *args, **kwargs)
           ~~~~~~~~~~~~~^^^^^^^^^^^^^^^^^^^^^^^^^^
  File "C:\Users\lymuthien\AppData\Local\Programs\Python\Python313\Lib\site-packages\django\views\generic\base.py", line 144, in dispatch
    return handler(request, *args, **kwargs)
  File "C:\Users\lymuthien\AppData\Local\Programs\Python\Python313\Lib\site-packages\django\views\generic\list.py", line 158, in get
    self.object_list = self.get_queryset()
                       ~~~~~~~~~~~~~~~~~^^
  File "D:\PythonProjects\BSUIR_IGI_STRWEB\STRWEB\LR1\real_estate_agency\home\views.py", line 25, in get_queryset
    news = News.objects.first()
  File "C:\Users\lymuthien\AppData\Local\Programs\Python\Python313\Lib\site-packages\django\db\models\manager.py", line 87, in manager_method
    return getattr(self.get_queryset(), name)(*args, **kwargs)
           ~~~~~~~~~~~~~~~~~~~~~~~~~~~~~~~~~~^^^^^^^^^^^^^^^^^
  File "C:\Users\lymuthien\AppData\Local\Programs\Python\Python313\Lib\site-packages\django\db\models\query.py", line 1104, in first
    for obj in queryset[:1]:
               ~~~~~~~~^^^^
  File "C:\Users\lymuthien\AppData\Local\Programs\Python\Python313\Lib\site-packages\django\db\models\query.py", line 384, in __iter__
    self._fetch_all()
    ~~~~~~~~~~~~~~~^^
  File "C:\Users\lymuthien\AppData\Local\Programs\Python\Python313\Lib\site-packages\django\db\models\query.py", line 1949, in _fetch_all
    self._result_cache = list(self._iterable_class(self))
                         ~~~~^^^^^^^^^^^^^^^^^^^^^^^^^^^^
  File "C:\Users\lymuthien\AppData\Local\Programs\Python\Python313\Lib\site-packages\django\db\models\query.py", line 91, in __iter__
    results = compiler.execute_sql(
        chunked_fetch=self.chunked_fetch, chunk_size=self.chunk_size
    )
  File "C:\Users\lymuthien\AppData\Local\Programs\Python\Python313\Lib\site-packages\django\db\models\sql\compiler.py", line 1623, in execute_sql
    cursor.execute(sql, params)
    ~~~~~~~~~~~~~~^^^^^^^^^^^^^
  File "C:\Users\lymuthien\AppData\Local\Programs\Python\Python313\Lib\site-packages\django\db\backends\utils.py", line 122, in execute
    return super().execute(sql, params)
           ~~~~~~~~~~~~~~~^^^^^^^^^^^^^
  File "C:\Users\lymuthien\AppData\Local\Programs\Python\Python313\Lib\site-packages\django\db\backends\utils.py", line 79, in execute
    return self._execute_with_wrappers(
           ~~~~~~~~~~~~~~~~~~~~~~~~~~~^
        sql, params, many=False, executor=self._execute
        ^^^^^^^^^^^^^^^^^^^^^^^^^^^^^^^^^^^^^^^^^^^^^^^
    )
    ^
  File "C:\Users\lymuthien\AppData\Local\Programs\Python\Python313\Lib\site-packages\django\db\backends\utils.py", line 92, in _execute_with_wrappers
    return executor(sql, params, many, context)
  File "C:\Users\lymuthien\AppData\Local\Programs\Python\Python313\Lib\site-packages\django\db\backends\utils.py", line 100, in _execute
    with self.db.wrap_database_errors:
         ^^^^^^^^^^^^^^^^^^^^^^^^^^^^
  File "C:\Users\lymuthien\AppData\Local\Programs\Python\Python313\Lib\site-packages\django\db\utils.py", line 91, in __exit__
    raise dj_exc_value.with_traceback(traceback) from exc_value
  File "C:\Users\lymuthien\AppData\Local\Programs\Python\Python313\Lib\site-packages\django\db\backends\utils.py", line 105, in _execute
    return self.cursor.execute(sql, params)
           ~~~~~~~~~~~~~~~~~~~^^^^^^^^^^^^^
  File "C:\Users\lymuthien\AppData\Local\Programs\Python\Python313\Lib\site-packages\django\db\backends\sqlite3\base.py", line 360, in execute
    return super().execute(query, params)
           ~~~~~~~~~~~~~~~^^^^^^^^^^^^^^^
django.db.utils.OperationalError: no such column: home_news.text
2025-09-10 17:21:28,451 INFO autoreload Watching for file changes with StatReloader
2025-09-10 17:21:33,171 ERROR log Internal Server Error: /home/
Traceback (most recent call last):
  File "C:\Users\lymuthien\AppData\Local\Programs\Python\Python313\Lib\site-packages\django\db\backends\utils.py", line 105, in _execute
    return self.cursor.execute(sql, params)
           ~~~~~~~~~~~~~~~~~~~^^^^^^^^^^^^^
  File "C:\Users\lymuthien\AppData\Local\Programs\Python\Python313\Lib\site-packages\django\db\backends\sqlite3\base.py", line 360, in execute
    return super().execute(query, params)
           ~~~~~~~~~~~~~~~^^^^^^^^^^^^^^^
sqlite3.OperationalError: no such column: home_news.text

The above exception was the direct cause of the following exception:

Traceback (most recent call last):
  File "C:\Users\lymuthien\AppData\Local\Programs\Python\Python313\Lib\site-packages\django\core\handlers\exception.py", line 55, in inner
    response = get_response(request)
  File "C:\Users\lymuthien\AppData\Local\Programs\Python\Python313\Lib\site-packages\django\core\handlers\base.py", line 197, in _get_response
    response = wrapped_callback(request, *callback_args, **callback_kwargs)
  File "C:\Users\lymuthien\AppData\Local\Programs\Python\Python313\Lib\site-packages\django\views\generic\base.py", line 105, in view
    return self.dispatch(request, *args, **kwargs)
           ~~~~~~~~~~~~~^^^^^^^^^^^^^^^^^^^^^^^^^^
  File "C:\Users\lymuthien\AppData\Local\Programs\Python\Python313\Lib\site-packages\django\views\generic\base.py", line 144, in dispatch
    return handler(request, *args, **kwargs)
  File "C:\Users\lymuthien\AppData\Local\Programs\Python\Python313\Lib\site-packages\django\views\generic\list.py", line 158, in get
    self.object_list = self.get_queryset()
                       ~~~~~~~~~~~~~~~~~^^
  File "D:\PythonProjects\BSUIR_IGI_STRWEB\STRWEB\LR1\real_estate_agency\home\views.py", line 25, in get_queryset
    news = News.objects.first()
  File "C:\Users\lymuthien\AppData\Local\Programs\Python\Python313\Lib\site-packages\django\db\models\manager.py", line 87, in manager_method
    return getattr(self.get_queryset(), name)(*args, **kwargs)
           ~~~~~~~~~~~~~~~~~~~~~~~~~~~~~~~~~~^^^^^^^^^^^^^^^^^
  File "C:\Users\lymuthien\AppData\Local\Programs\Python\Python313\Lib\site-packages\django\db\models\query.py", line 1104, in first
    for obj in queryset[:1]:
               ~~~~~~~~^^^^
  File "C:\Users\lymuthien\AppData\Local\Programs\Python\Python313\Lib\site-packages\django\db\models\query.py", line 384, in __iter__
    self._fetch_all()
    ~~~~~~~~~~~~~~~^^
  File "C:\Users\lymuthien\AppData\Local\Programs\Python\Python313\Lib\site-packages\django\db\models\query.py", line 1949, in _fetch_all
    self._result_cache = list(self._iterable_class(self))
                         ~~~~^^^^^^^^^^^^^^^^^^^^^^^^^^^^
  File "C:\Users\lymuthien\AppData\Local\Programs\Python\Python313\Lib\site-packages\django\db\models\query.py", line 91, in __iter__
    results = compiler.execute_sql(
        chunked_fetch=self.chunked_fetch, chunk_size=self.chunk_size
    )
  File "C:\Users\lymuthien\AppData\Local\Programs\Python\Python313\Lib\site-packages\django\db\models\sql\compiler.py", line 1623, in execute_sql
    cursor.execute(sql, params)
    ~~~~~~~~~~~~~~^^^^^^^^^^^^^
  File "C:\Users\lymuthien\AppData\Local\Programs\Python\Python313\Lib\site-packages\django\db\backends\utils.py", line 122, in execute
    return super().execute(sql, params)
           ~~~~~~~~~~~~~~~^^^^^^^^^^^^^
  File "C:\Users\lymuthien\AppData\Local\Programs\Python\Python313\Lib\site-packages\django\db\backends\utils.py", line 79, in execute
    return self._execute_with_wrappers(
           ~~~~~~~~~~~~~~~~~~~~~~~~~~~^
        sql, params, many=False, executor=self._execute
        ^^^^^^^^^^^^^^^^^^^^^^^^^^^^^^^^^^^^^^^^^^^^^^^
    )
    ^
  File "C:\Users\lymuthien\AppData\Local\Programs\Python\Python313\Lib\site-packages\django\db\backends\utils.py", line 92, in _execute_with_wrappers
    return executor(sql, params, many, context)
  File "C:\Users\lymuthien\AppData\Local\Programs\Python\Python313\Lib\site-packages\django\db\backends\utils.py", line 100, in _execute
    with self.db.wrap_database_errors:
         ^^^^^^^^^^^^^^^^^^^^^^^^^^^^
  File "C:\Users\lymuthien\AppData\Local\Programs\Python\Python313\Lib\site-packages\django\db\utils.py", line 91, in __exit__
    raise dj_exc_value.with_traceback(traceback) from exc_value
  File "C:\Users\lymuthien\AppData\Local\Programs\Python\Python313\Lib\site-packages\django\db\backends\utils.py", line 105, in _execute
    return self.cursor.execute(sql, params)
           ~~~~~~~~~~~~~~~~~~~^^^^^^^^^^^^^
  File "C:\Users\lymuthien\AppData\Local\Programs\Python\Python313\Lib\site-packages\django\db\backends\sqlite3\base.py", line 360, in execute
    return super().execute(query, params)
           ~~~~~~~~~~~~~~~^^^^^^^^^^^^^^^
django.db.utils.OperationalError: no such column: home_news.text
2025-09-10 17:22:46,132 ERROR log Internal Server Error: /admin/home/news/
Traceback (most recent call last):
  File "C:\Users\lymuthien\AppData\Local\Programs\Python\Python313\Lib\site-packages\django\db\backends\utils.py", line 105, in _execute
    return self.cursor.execute(sql, params)
           ~~~~~~~~~~~~~~~~~~~^^^^^^^^^^^^^
  File "C:\Users\lymuthien\AppData\Local\Programs\Python\Python313\Lib\site-packages\django\db\backends\sqlite3\base.py", line 360, in execute
    return super().execute(query, params)
           ~~~~~~~~~~~~~~~^^^^^^^^^^^^^^^
sqlite3.OperationalError: no such column: home_news.text

The above exception was the direct cause of the following exception:

Traceback (most recent call last):
  File "C:\Users\lymuthien\AppData\Local\Programs\Python\Python313\Lib\site-packages\django\core\handlers\exception.py", line 55, in inner
    response = get_response(request)
  File "C:\Users\lymuthien\AppData\Local\Programs\Python\Python313\Lib\site-packages\django\core\handlers\base.py", line 197, in _get_response
    response = wrapped_callback(request, *callback_args, **callback_kwargs)
  File "C:\Users\lymuthien\AppData\Local\Programs\Python\Python313\Lib\site-packages\django\contrib\admin\options.py", line 719, in wrapper
    return self.admin_site.admin_view(view)(*args, **kwargs)
           ~~~~~~~~~~~~~~~~~~~~~~~~~~~~~~~~^^^^^^^^^^^^^^^^^
  File "C:\Users\lymuthien\AppData\Local\Programs\Python\Python313\Lib\site-packages\django\utils\decorators.py", line 192, in _view_wrapper
    result = _process_exception(request, e)
  File "C:\Users\lymuthien\AppData\Local\Programs\Python\Python313\Lib\site-packages\django\utils\decorators.py", line 190, in _view_wrapper
    response = view_func(request, *args, **kwargs)
  File "C:\Users\lymuthien\AppData\Local\Programs\Python\Python313\Lib\site-packages\django\views\decorators\cache.py", line 80, in _view_wrapper
    response = view_func(request, *args, **kwargs)
  File "C:\Users\lymuthien\AppData\Local\Programs\Python\Python313\Lib\site-packages\django\contrib\admin\sites.py", line 246, in inner
    return view(request, *args, **kwargs)
  File "C:\Users\lymuthien\AppData\Local\Programs\Python\Python313\Lib\site-packages\django\utils\decorators.py", line 48, in _wrapper
    return bound_method(*args, **kwargs)
  File "C:\Users\lymuthien\AppData\Local\Programs\Python\Python313\Lib\site-packages\django\utils\decorators.py", line 192, in _view_wrapper
    result = _process_exception(request, e)
  File "C:\Users\lymuthien\AppData\Local\Programs\Python\Python313\Lib\site-packages\django\utils\decorators.py", line 190, in _view_wrapper
    response = view_func(request, *args, **kwargs)
  File "C:\Users\lymuthien\AppData\Local\Programs\Python\Python313\Lib\site-packages\django\contrib\admin\options.py", line 2163, in changelist_view
    "selection_note": _("0 of %(cnt)s selected") % {"cnt": len(cl.result_list)},
                                                           ~~~^^^^^^^^^^^^^^^^
  File "C:\Users\lymuthien\AppData\Local\Programs\Python\Python313\Lib\site-packages\django\db\models\query.py", line 366, in __len__
    self._fetch_all()
    ~~~~~~~~~~~~~~~^^
  File "C:\Users\lymuthien\AppData\Local\Programs\Python\Python313\Lib\site-packages\django\db\models\query.py", line 1949, in _fetch_all
    self._result_cache = list(self._iterable_class(self))
                         ~~~~^^^^^^^^^^^^^^^^^^^^^^^^^^^^
  File "C:\Users\lymuthien\AppData\Local\Programs\Python\Python313\Lib\site-packages\django\db\models\query.py", line 91, in __iter__
    results = compiler.execute_sql(
        chunked_fetch=self.chunked_fetch, chunk_size=self.chunk_size
    )
  File "C:\Users\lymuthien\AppData\Local\Programs\Python\Python313\Lib\site-packages\django\db\models\sql\compiler.py", line 1623, in execute_sql
    cursor.execute(sql, params)
    ~~~~~~~~~~~~~~^^^^^^^^^^^^^
  File "C:\Users\lymuthien\AppData\Local\Programs\Python\Python313\Lib\site-packages\django\db\backends\utils.py", line 122, in execute
    return super().execute(sql, params)
           ~~~~~~~~~~~~~~~^^^^^^^^^^^^^
  File "C:\Users\lymuthien\AppData\Local\Programs\Python\Python313\Lib\site-packages\django\db\backends\utils.py", line 79, in execute
    return self._execute_with_wrappers(
           ~~~~~~~~~~~~~~~~~~~~~~~~~~~^
        sql, params, many=False, executor=self._execute
        ^^^^^^^^^^^^^^^^^^^^^^^^^^^^^^^^^^^^^^^^^^^^^^^
    )
    ^
  File "C:\Users\lymuthien\AppData\Local\Programs\Python\Python313\Lib\site-packages\django\db\backends\utils.py", line 92, in _execute_with_wrappers
    return executor(sql, params, many, context)
  File "C:\Users\lymuthien\AppData\Local\Programs\Python\Python313\Lib\site-packages\django\db\backends\utils.py", line 100, in _execute
    with self.db.wrap_database_errors:
         ^^^^^^^^^^^^^^^^^^^^^^^^^^^^
  File "C:\Users\lymuthien\AppData\Local\Programs\Python\Python313\Lib\site-packages\django\db\utils.py", line 91, in __exit__
    raise dj_exc_value.with_traceback(traceback) from exc_value
  File "C:\Users\lymuthien\AppData\Local\Programs\Python\Python313\Lib\site-packages\django\db\backends\utils.py", line 105, in _execute
    return self.cursor.execute(sql, params)
           ~~~~~~~~~~~~~~~~~~~^^^^^^^^^^^^^
  File "C:\Users\lymuthien\AppData\Local\Programs\Python\Python313\Lib\site-packages\django\db\backends\sqlite3\base.py", line 360, in execute
    return super().execute(query, params)
           ~~~~~~~~~~~~~~~^^^^^^^^^^^^^^^
django.db.utils.OperationalError: no such column: home_news.text
2025-09-10 17:22:55,738 INFO autoreload D:\PythonProjects\BSUIR_IGI_STRWEB\STRWEB\LR1\real_estate_agency\home\models.py changed, reloading.
2025-09-10 17:22:56,822 INFO autoreload Watching for file changes with StatReloader
2025-09-10 17:23:13,233 INFO autoreload D:\PythonProjects\BSUIR_IGI_STRWEB\STRWEB\LR1\real_estate_agency\home\models.py changed, reloading.
2025-09-10 17:23:14,206 INFO autoreload Watching for file changes with StatReloader
2025-09-10 17:23:14,979 ERROR log Internal Server Error: /admin/home/news/
Traceback (most recent call last):
  File "C:\Users\lymuthien\AppData\Local\Programs\Python\Python313\Lib\site-packages\django\db\backends\utils.py", line 105, in _execute
    return self.cursor.execute(sql, params)
           ~~~~~~~~~~~~~~~~~~~^^^^^^^^^^^^^
  File "C:\Users\lymuthien\AppData\Local\Programs\Python\Python313\Lib\site-packages\django\db\backends\sqlite3\base.py", line 360, in execute
    return super().execute(query, params)
           ~~~~~~~~~~~~~~~^^^^^^^^^^^^^^^
sqlite3.OperationalError: no such column: home_news.text

The above exception was the direct cause of the following exception:

Traceback (most recent call last):
  File "C:\Users\lymuthien\AppData\Local\Programs\Python\Python313\Lib\site-packages\django\core\handlers\exception.py", line 55, in inner
    response = get_response(request)
  File "C:\Users\lymuthien\AppData\Local\Programs\Python\Python313\Lib\site-packages\django\core\handlers\base.py", line 197, in _get_response
    response = wrapped_callback(request, *callback_args, **callback_kwargs)
  File "C:\Users\lymuthien\AppData\Local\Programs\Python\Python313\Lib\site-packages\django\contrib\admin\options.py", line 719, in wrapper
    return self.admin_site.admin_view(view)(*args, **kwargs)
           ~~~~~~~~~~~~~~~~~~~~~~~~~~~~~~~~^^^^^^^^^^^^^^^^^
  File "C:\Users\lymuthien\AppData\Local\Programs\Python\Python313\Lib\site-packages\django\utils\decorators.py", line 192, in _view_wrapper
    result = _process_exception(request, e)
  File "C:\Users\lymuthien\AppData\Local\Programs\Python\Python313\Lib\site-packages\django\utils\decorators.py", line 190, in _view_wrapper
    response = view_func(request, *args, **kwargs)
  File "C:\Users\lymuthien\AppData\Local\Programs\Python\Python313\Lib\site-packages\django\views\decorators\cache.py", line 80, in _view_wrapper
    response = view_func(request, *args, **kwargs)
  File "C:\Users\lymuthien\AppData\Local\Programs\Python\Python313\Lib\site-packages\django\contrib\admin\sites.py", line 246, in inner
    return view(request, *args, **kwargs)
  File "C:\Users\lymuthien\AppData\Local\Programs\Python\Python313\Lib\site-packages\django\utils\decorators.py", line 48, in _wrapper
    return bound_method(*args, **kwargs)
  File "C:\Users\lymuthien\AppData\Local\Programs\Python\Python313\Lib\site-packages\django\utils\decorators.py", line 192, in _view_wrapper
    result = _process_exception(request, e)
  File "C:\Users\lymuthien\AppData\Local\Programs\Python\Python313\Lib\site-packages\django\utils\decorators.py", line 190, in _view_wrapper
    response = view_func(request, *args, **kwargs)
  File "C:\Users\lymuthien\AppData\Local\Programs\Python\Python313\Lib\site-packages\django\contrib\admin\options.py", line 2163, in changelist_view
    "selection_note": _("0 of %(cnt)s selected") % {"cnt": len(cl.result_list)},
                                                           ~~~^^^^^^^^^^^^^^^^
  File "C:\Users\lymuthien\AppData\Local\Programs\Python\Python313\Lib\site-packages\django\db\models\query.py", line 366, in __len__
    self._fetch_all()
    ~~~~~~~~~~~~~~~^^
  File "C:\Users\lymuthien\AppData\Local\Programs\Python\Python313\Lib\site-packages\django\db\models\query.py", line 1949, in _fetch_all
    self._result_cache = list(self._iterable_class(self))
                         ~~~~^^^^^^^^^^^^^^^^^^^^^^^^^^^^
  File "C:\Users\lymuthien\AppData\Local\Programs\Python\Python313\Lib\site-packages\django\db\models\query.py", line 91, in __iter__
    results = compiler.execute_sql(
        chunked_fetch=self.chunked_fetch, chunk_size=self.chunk_size
    )
  File "C:\Users\lymuthien\AppData\Local\Programs\Python\Python313\Lib\site-packages\django\db\models\sql\compiler.py", line 1623, in execute_sql
    cursor.execute(sql, params)
    ~~~~~~~~~~~~~~^^^^^^^^^^^^^
  File "C:\Users\lymuthien\AppData\Local\Programs\Python\Python313\Lib\site-packages\django\db\backends\utils.py", line 122, in execute
    return super().execute(sql, params)
           ~~~~~~~~~~~~~~~^^^^^^^^^^^^^
  File "C:\Users\lymuthien\AppData\Local\Programs\Python\Python313\Lib\site-packages\django\db\backends\utils.py", line 79, in execute
    return self._execute_with_wrappers(
           ~~~~~~~~~~~~~~~~~~~~~~~~~~~^
        sql, params, many=False, executor=self._execute
        ^^^^^^^^^^^^^^^^^^^^^^^^^^^^^^^^^^^^^^^^^^^^^^^
    )
    ^
  File "C:\Users\lymuthien\AppData\Local\Programs\Python\Python313\Lib\site-packages\django\db\backends\utils.py", line 92, in _execute_with_wrappers
    return executor(sql, params, many, context)
  File "C:\Users\lymuthien\AppData\Local\Programs\Python\Python313\Lib\site-packages\django\db\backends\utils.py", line 100, in _execute
    with self.db.wrap_database_errors:
         ^^^^^^^^^^^^^^^^^^^^^^^^^^^^
  File "C:\Users\lymuthien\AppData\Local\Programs\Python\Python313\Lib\site-packages\django\db\utils.py", line 91, in __exit__
    raise dj_exc_value.with_traceback(traceback) from exc_value
  File "C:\Users\lymuthien\AppData\Local\Programs\Python\Python313\Lib\site-packages\django\db\backends\utils.py", line 105, in _execute
    return self.cursor.execute(sql, params)
           ~~~~~~~~~~~~~~~~~~~^^^^^^^^^^^^^
  File "C:\Users\lymuthien\AppData\Local\Programs\Python\Python313\Lib\site-packages\django\db\backends\sqlite3\base.py", line 360, in execute
    return super().execute(query, params)
           ~~~~~~~~~~~~~~~^^^^^^^^^^^^^^^
django.db.utils.OperationalError: no such column: home_news.text
2025-09-10 17:24:39,527 INFO autoreload Watching for file changes with StatReloader
2025-09-10 17:24:44,085 ERROR log Internal Server Error: /admin/home/news/
Traceback (most recent call last):
  File "C:\Users\lymuthien\AppData\Local\Programs\Python\Python313\Lib\site-packages\django\db\backends\utils.py", line 105, in _execute
    return self.cursor.execute(sql, params)
           ~~~~~~~~~~~~~~~~~~~^^^^^^^^^^^^^
  File "C:\Users\lymuthien\AppData\Local\Programs\Python\Python313\Lib\site-packages\django\db\backends\sqlite3\base.py", line 360, in execute
    return super().execute(query, params)
           ~~~~~~~~~~~~~~~^^^^^^^^^^^^^^^
sqlite3.OperationalError: no such column: home_news.text

The above exception was the direct cause of the following exception:

Traceback (most recent call last):
  File "C:\Users\lymuthien\AppData\Local\Programs\Python\Python313\Lib\site-packages\django\core\handlers\exception.py", line 55, in inner
    response = get_response(request)
  File "C:\Users\lymuthien\AppData\Local\Programs\Python\Python313\Lib\site-packages\django\core\handlers\base.py", line 197, in _get_response
    response = wrapped_callback(request, *callback_args, **callback_kwargs)
  File "C:\Users\lymuthien\AppData\Local\Programs\Python\Python313\Lib\site-packages\django\contrib\admin\options.py", line 719, in wrapper
    return self.admin_site.admin_view(view)(*args, **kwargs)
           ~~~~~~~~~~~~~~~~~~~~~~~~~~~~~~~~^^^^^^^^^^^^^^^^^
  File "C:\Users\lymuthien\AppData\Local\Programs\Python\Python313\Lib\site-packages\django\utils\decorators.py", line 192, in _view_wrapper
    result = _process_exception(request, e)
  File "C:\Users\lymuthien\AppData\Local\Programs\Python\Python313\Lib\site-packages\django\utils\decorators.py", line 190, in _view_wrapper
    response = view_func(request, *args, **kwargs)
  File "C:\Users\lymuthien\AppData\Local\Programs\Python\Python313\Lib\site-packages\django\views\decorators\cache.py", line 80, in _view_wrapper
    response = view_func(request, *args, **kwargs)
  File "C:\Users\lymuthien\AppData\Local\Programs\Python\Python313\Lib\site-packages\django\contrib\admin\sites.py", line 246, in inner
    return view(request, *args, **kwargs)
  File "C:\Users\lymuthien\AppData\Local\Programs\Python\Python313\Lib\site-packages\django\utils\decorators.py", line 48, in _wrapper
    return bound_method(*args, **kwargs)
  File "C:\Users\lymuthien\AppData\Local\Programs\Python\Python313\Lib\site-packages\django\utils\decorators.py", line 192, in _view_wrapper
    result = _process_exception(request, e)
  File "C:\Users\lymuthien\AppData\Local\Programs\Python\Python313\Lib\site-packages\django\utils\decorators.py", line 190, in _view_wrapper
    response = view_func(request, *args, **kwargs)
  File "C:\Users\lymuthien\AppData\Local\Programs\Python\Python313\Lib\site-packages\django\contrib\admin\options.py", line 2163, in changelist_view
    "selection_note": _("0 of %(cnt)s selected") % {"cnt": len(cl.result_list)},
                                                           ~~~^^^^^^^^^^^^^^^^
  File "C:\Users\lymuthien\AppData\Local\Programs\Python\Python313\Lib\site-packages\django\db\models\query.py", line 366, in __len__
    self._fetch_all()
    ~~~~~~~~~~~~~~~^^
  File "C:\Users\lymuthien\AppData\Local\Programs\Python\Python313\Lib\site-packages\django\db\models\query.py", line 1949, in _fetch_all
    self._result_cache = list(self._iterable_class(self))
                         ~~~~^^^^^^^^^^^^^^^^^^^^^^^^^^^^
  File "C:\Users\lymuthien\AppData\Local\Programs\Python\Python313\Lib\site-packages\django\db\models\query.py", line 91, in __iter__
    results = compiler.execute_sql(
        chunked_fetch=self.chunked_fetch, chunk_size=self.chunk_size
    )
  File "C:\Users\lymuthien\AppData\Local\Programs\Python\Python313\Lib\site-packages\django\db\models\sql\compiler.py", line 1623, in execute_sql
    cursor.execute(sql, params)
    ~~~~~~~~~~~~~~^^^^^^^^^^^^^
  File "C:\Users\lymuthien\AppData\Local\Programs\Python\Python313\Lib\site-packages\django\db\backends\utils.py", line 122, in execute
    return super().execute(sql, params)
           ~~~~~~~~~~~~~~~^^^^^^^^^^^^^
  File "C:\Users\lymuthien\AppData\Local\Programs\Python\Python313\Lib\site-packages\django\db\backends\utils.py", line 79, in execute
    return self._execute_with_wrappers(
           ~~~~~~~~~~~~~~~~~~~~~~~~~~~^
        sql, params, many=False, executor=self._execute
        ^^^^^^^^^^^^^^^^^^^^^^^^^^^^^^^^^^^^^^^^^^^^^^^
    )
    ^
  File "C:\Users\lymuthien\AppData\Local\Programs\Python\Python313\Lib\site-packages\django\db\backends\utils.py", line 92, in _execute_with_wrappers
    return executor(sql, params, many, context)
  File "C:\Users\lymuthien\AppData\Local\Programs\Python\Python313\Lib\site-packages\django\db\backends\utils.py", line 100, in _execute
    with self.db.wrap_database_errors:
         ^^^^^^^^^^^^^^^^^^^^^^^^^^^^
  File "C:\Users\lymuthien\AppData\Local\Programs\Python\Python313\Lib\site-packages\django\db\utils.py", line 91, in __exit__
    raise dj_exc_value.with_traceback(traceback) from exc_value
  File "C:\Users\lymuthien\AppData\Local\Programs\Python\Python313\Lib\site-packages\django\db\backends\utils.py", line 105, in _execute
    return self.cursor.execute(sql, params)
           ~~~~~~~~~~~~~~~~~~~^^^^^^^^^^^^^
  File "C:\Users\lymuthien\AppData\Local\Programs\Python\Python313\Lib\site-packages\django\db\backends\sqlite3\base.py", line 360, in execute
    return super().execute(query, params)
           ~~~~~~~~~~~~~~~^^^^^^^^^^^^^^^
django.db.utils.OperationalError: no such column: home_news.text
2025-09-10 17:24:45,172 ERROR log Internal Server Error: /admin/home/news/
Traceback (most recent call last):
  File "C:\Users\lymuthien\AppData\Local\Programs\Python\Python313\Lib\site-packages\django\db\backends\utils.py", line 105, in _execute
    return self.cursor.execute(sql, params)
           ~~~~~~~~~~~~~~~~~~~^^^^^^^^^^^^^
  File "C:\Users\lymuthien\AppData\Local\Programs\Python\Python313\Lib\site-packages\django\db\backends\sqlite3\base.py", line 360, in execute
    return super().execute(query, params)
           ~~~~~~~~~~~~~~~^^^^^^^^^^^^^^^
sqlite3.OperationalError: no such column: home_news.text

The above exception was the direct cause of the following exception:

Traceback (most recent call last):
  File "C:\Users\lymuthien\AppData\Local\Programs\Python\Python313\Lib\site-packages\django\core\handlers\exception.py", line 55, in inner
    response = get_response(request)
  File "C:\Users\lymuthien\AppData\Local\Programs\Python\Python313\Lib\site-packages\django\core\handlers\base.py", line 197, in _get_response
    response = wrapped_callback(request, *callback_args, **callback_kwargs)
  File "C:\Users\lymuthien\AppData\Local\Programs\Python\Python313\Lib\site-packages\django\contrib\admin\options.py", line 719, in wrapper
    return self.admin_site.admin_view(view)(*args, **kwargs)
           ~~~~~~~~~~~~~~~~~~~~~~~~~~~~~~~~^^^^^^^^^^^^^^^^^
  File "C:\Users\lymuthien\AppData\Local\Programs\Python\Python313\Lib\site-packages\django\utils\decorators.py", line 192, in _view_wrapper
    result = _process_exception(request, e)
  File "C:\Users\lymuthien\AppData\Local\Programs\Python\Python313\Lib\site-packages\django\utils\decorators.py", line 190, in _view_wrapper
    response = view_func(request, *args, **kwargs)
  File "C:\Users\lymuthien\AppData\Local\Programs\Python\Python313\Lib\site-packages\django\views\decorators\cache.py", line 80, in _view_wrapper
    response = view_func(request, *args, **kwargs)
  File "C:\Users\lymuthien\AppData\Local\Programs\Python\Python313\Lib\site-packages\django\contrib\admin\sites.py", line 246, in inner
    return view(request, *args, **kwargs)
  File "C:\Users\lymuthien\AppData\Local\Programs\Python\Python313\Lib\site-packages\django\utils\decorators.py", line 48, in _wrapper
    return bound_method(*args, **kwargs)
  File "C:\Users\lymuthien\AppData\Local\Programs\Python\Python313\Lib\site-packages\django\utils\decorators.py", line 192, in _view_wrapper
    result = _process_exception(request, e)
  File "C:\Users\lymuthien\AppData\Local\Programs\Python\Python313\Lib\site-packages\django\utils\decorators.py", line 190, in _view_wrapper
    response = view_func(request, *args, **kwargs)
  File "C:\Users\lymuthien\AppData\Local\Programs\Python\Python313\Lib\site-packages\django\contrib\admin\options.py", line 2163, in changelist_view
    "selection_note": _("0 of %(cnt)s selected") % {"cnt": len(cl.result_list)},
                                                           ~~~^^^^^^^^^^^^^^^^
  File "C:\Users\lymuthien\AppData\Local\Programs\Python\Python313\Lib\site-packages\django\db\models\query.py", line 366, in __len__
    self._fetch_all()
    ~~~~~~~~~~~~~~~^^
  File "C:\Users\lymuthien\AppData\Local\Programs\Python\Python313\Lib\site-packages\django\db\models\query.py", line 1949, in _fetch_all
    self._result_cache = list(self._iterable_class(self))
                         ~~~~^^^^^^^^^^^^^^^^^^^^^^^^^^^^
  File "C:\Users\lymuthien\AppData\Local\Programs\Python\Python313\Lib\site-packages\django\db\models\query.py", line 91, in __iter__
    results = compiler.execute_sql(
        chunked_fetch=self.chunked_fetch, chunk_size=self.chunk_size
    )
  File "C:\Users\lymuthien\AppData\Local\Programs\Python\Python313\Lib\site-packages\django\db\models\sql\compiler.py", line 1623, in execute_sql
    cursor.execute(sql, params)
    ~~~~~~~~~~~~~~^^^^^^^^^^^^^
  File "C:\Users\lymuthien\AppData\Local\Programs\Python\Python313\Lib\site-packages\django\db\backends\utils.py", line 122, in execute
    return super().execute(sql, params)
           ~~~~~~~~~~~~~~~^^^^^^^^^^^^^
  File "C:\Users\lymuthien\AppData\Local\Programs\Python\Python313\Lib\site-packages\django\db\backends\utils.py", line 79, in execute
    return self._execute_with_wrappers(
           ~~~~~~~~~~~~~~~~~~~~~~~~~~~^
        sql, params, many=False, executor=self._execute
        ^^^^^^^^^^^^^^^^^^^^^^^^^^^^^^^^^^^^^^^^^^^^^^^
    )
    ^
  File "C:\Users\lymuthien\AppData\Local\Programs\Python\Python313\Lib\site-packages\django\db\backends\utils.py", line 92, in _execute_with_wrappers
    return executor(sql, params, many, context)
  File "C:\Users\lymuthien\AppData\Local\Programs\Python\Python313\Lib\site-packages\django\db\backends\utils.py", line 100, in _execute
    with self.db.wrap_database_errors:
         ^^^^^^^^^^^^^^^^^^^^^^^^^^^^
  File "C:\Users\lymuthien\AppData\Local\Programs\Python\Python313\Lib\site-packages\django\db\utils.py", line 91, in __exit__
    raise dj_exc_value.with_traceback(traceback) from exc_value
  File "C:\Users\lymuthien\AppData\Local\Programs\Python\Python313\Lib\site-packages\django\db\backends\utils.py", line 105, in _execute
    return self.cursor.execute(sql, params)
           ~~~~~~~~~~~~~~~~~~~^^^^^^^^^^^^^
  File "C:\Users\lymuthien\AppData\Local\Programs\Python\Python313\Lib\site-packages\django\db\backends\sqlite3\base.py", line 360, in execute
    return super().execute(query, params)
           ~~~~~~~~~~~~~~~^^^^^^^^^^^^^^^
django.db.utils.OperationalError: no such column: home_news.text
2025-09-10 17:24:49,274 ERROR log Internal Server Error: /admin/home/aboutcompany/
Traceback (most recent call last):
  File "C:\Users\lymuthien\AppData\Local\Programs\Python\Python313\Lib\site-packages\django\db\backends\utils.py", line 105, in _execute
    return self.cursor.execute(sql, params)
           ~~~~~~~~~~~~~~~~~~~^^^^^^^^^^^^^
  File "C:\Users\lymuthien\AppData\Local\Programs\Python\Python313\Lib\site-packages\django\db\backends\sqlite3\base.py", line 360, in execute
    return super().execute(query, params)
           ~~~~~~~~~~~~~~~^^^^^^^^^^^^^^^
sqlite3.OperationalError: no such column: home_aboutcompany.video

The above exception was the direct cause of the following exception:

Traceback (most recent call last):
  File "C:\Users\lymuthien\AppData\Local\Programs\Python\Python313\Lib\site-packages\django\core\handlers\exception.py", line 55, in inner
    response = get_response(request)
  File "C:\Users\lymuthien\AppData\Local\Programs\Python\Python313\Lib\site-packages\django\core\handlers\base.py", line 197, in _get_response
    response = wrapped_callback(request, *callback_args, **callback_kwargs)
  File "C:\Users\lymuthien\AppData\Local\Programs\Python\Python313\Lib\site-packages\django\contrib\admin\options.py", line 719, in wrapper
    return self.admin_site.admin_view(view)(*args, **kwargs)
           ~~~~~~~~~~~~~~~~~~~~~~~~~~~~~~~~^^^^^^^^^^^^^^^^^
  File "C:\Users\lymuthien\AppData\Local\Programs\Python\Python313\Lib\site-packages\django\utils\decorators.py", line 192, in _view_wrapper
    result = _process_exception(request, e)
  File "C:\Users\lymuthien\AppData\Local\Programs\Python\Python313\Lib\site-packages\django\utils\decorators.py", line 190, in _view_wrapper
    response = view_func(request, *args, **kwargs)
  File "C:\Users\lymuthien\AppData\Local\Programs\Python\Python313\Lib\site-packages\django\views\decorators\cache.py", line 80, in _view_wrapper
    response = view_func(request, *args, **kwargs)
  File "C:\Users\lymuthien\AppData\Local\Programs\Python\Python313\Lib\site-packages\django\contrib\admin\sites.py", line 246, in inner
    return view(request, *args, **kwargs)
  File "C:\Users\lymuthien\AppData\Local\Programs\Python\Python313\Lib\site-packages\django\utils\decorators.py", line 48, in _wrapper
    return bound_method(*args, **kwargs)
  File "C:\Users\lymuthien\AppData\Local\Programs\Python\Python313\Lib\site-packages\django\utils\decorators.py", line 192, in _view_wrapper
    result = _process_exception(request, e)
  File "C:\Users\lymuthien\AppData\Local\Programs\Python\Python313\Lib\site-packages\django\utils\decorators.py", line 190, in _view_wrapper
    response = view_func(request, *args, **kwargs)
  File "C:\Users\lymuthien\AppData\Local\Programs\Python\Python313\Lib\site-packages\django\contrib\admin\options.py", line 2163, in changelist_view
    "selection_note": _("0 of %(cnt)s selected") % {"cnt": len(cl.result_list)},
                                                           ~~~^^^^^^^^^^^^^^^^
  File "C:\Users\lymuthien\AppData\Local\Programs\Python\Python313\Lib\site-packages\django\db\models\query.py", line 366, in __len__
    self._fetch_all()
    ~~~~~~~~~~~~~~~^^
  File "C:\Users\lymuthien\AppData\Local\Programs\Python\Python313\Lib\site-packages\django\db\models\query.py", line 1949, in _fetch_all
    self._result_cache = list(self._iterable_class(self))
                         ~~~~^^^^^^^^^^^^^^^^^^^^^^^^^^^^
  File "C:\Users\lymuthien\AppData\Local\Programs\Python\Python313\Lib\site-packages\django\db\models\query.py", line 91, in __iter__
    results = compiler.execute_sql(
        chunked_fetch=self.chunked_fetch, chunk_size=self.chunk_size
    )
  File "C:\Users\lymuthien\AppData\Local\Programs\Python\Python313\Lib\site-packages\django\db\models\sql\compiler.py", line 1623, in execute_sql
    cursor.execute(sql, params)
    ~~~~~~~~~~~~~~^^^^^^^^^^^^^
  File "C:\Users\lymuthien\AppData\Local\Programs\Python\Python313\Lib\site-packages\django\db\backends\utils.py", line 122, in execute
    return super().execute(sql, params)
           ~~~~~~~~~~~~~~~^^^^^^^^^^^^^
  File "C:\Users\lymuthien\AppData\Local\Programs\Python\Python313\Lib\site-packages\django\db\backends\utils.py", line 79, in execute
    return self._execute_with_wrappers(
           ~~~~~~~~~~~~~~~~~~~~~~~~~~~^
        sql, params, many=False, executor=self._execute
        ^^^^^^^^^^^^^^^^^^^^^^^^^^^^^^^^^^^^^^^^^^^^^^^
    )
    ^
  File "C:\Users\lymuthien\AppData\Local\Programs\Python\Python313\Lib\site-packages\django\db\backends\utils.py", line 92, in _execute_with_wrappers
    return executor(sql, params, many, context)
  File "C:\Users\lymuthien\AppData\Local\Programs\Python\Python313\Lib\site-packages\django\db\backends\utils.py", line 100, in _execute
    with self.db.wrap_database_errors:
         ^^^^^^^^^^^^^^^^^^^^^^^^^^^^
  File "C:\Users\lymuthien\AppData\Local\Programs\Python\Python313\Lib\site-packages\django\db\utils.py", line 91, in __exit__
    raise dj_exc_value.with_traceback(traceback) from exc_value
  File "C:\Users\lymuthien\AppData\Local\Programs\Python\Python313\Lib\site-packages\django\db\backends\utils.py", line 105, in _execute
    return self.cursor.execute(sql, params)
           ~~~~~~~~~~~~~~~~~~~^^^^^^^^^^^^^
  File "C:\Users\lymuthien\AppData\Local\Programs\Python\Python313\Lib\site-packages\django\db\backends\sqlite3\base.py", line 360, in execute
    return super().execute(query, params)
           ~~~~~~~~~~~~~~~^^^^^^^^^^^^^^^
django.db.utils.OperationalError: no such column: home_aboutcompany.video
2025-09-10 17:24:54,465 ERROR log Internal Server Error: /admin/home/news/
Traceback (most recent call last):
  File "C:\Users\lymuthien\AppData\Local\Programs\Python\Python313\Lib\site-packages\django\db\backends\utils.py", line 105, in _execute
    return self.cursor.execute(sql, params)
           ~~~~~~~~~~~~~~~~~~~^^^^^^^^^^^^^
  File "C:\Users\lymuthien\AppData\Local\Programs\Python\Python313\Lib\site-packages\django\db\backends\sqlite3\base.py", line 360, in execute
    return super().execute(query, params)
           ~~~~~~~~~~~~~~~^^^^^^^^^^^^^^^
sqlite3.OperationalError: no such column: home_news.text

The above exception was the direct cause of the following exception:

Traceback (most recent call last):
  File "C:\Users\lymuthien\AppData\Local\Programs\Python\Python313\Lib\site-packages\django\core\handlers\exception.py", line 55, in inner
    response = get_response(request)
  File "C:\Users\lymuthien\AppData\Local\Programs\Python\Python313\Lib\site-packages\django\core\handlers\base.py", line 197, in _get_response
    response = wrapped_callback(request, *callback_args, **callback_kwargs)
  File "C:\Users\lymuthien\AppData\Local\Programs\Python\Python313\Lib\site-packages\django\contrib\admin\options.py", line 719, in wrapper
    return self.admin_site.admin_view(view)(*args, **kwargs)
           ~~~~~~~~~~~~~~~~~~~~~~~~~~~~~~~~^^^^^^^^^^^^^^^^^
  File "C:\Users\lymuthien\AppData\Local\Programs\Python\Python313\Lib\site-packages\django\utils\decorators.py", line 192, in _view_wrapper
    result = _process_exception(request, e)
  File "C:\Users\lymuthien\AppData\Local\Programs\Python\Python313\Lib\site-packages\django\utils\decorators.py", line 190, in _view_wrapper
    response = view_func(request, *args, **kwargs)
  File "C:\Users\lymuthien\AppData\Local\Programs\Python\Python313\Lib\site-packages\django\views\decorators\cache.py", line 80, in _view_wrapper
    response = view_func(request, *args, **kwargs)
  File "C:\Users\lymuthien\AppData\Local\Programs\Python\Python313\Lib\site-packages\django\contrib\admin\sites.py", line 246, in inner
    return view(request, *args, **kwargs)
  File "C:\Users\lymuthien\AppData\Local\Programs\Python\Python313\Lib\site-packages\django\utils\decorators.py", line 48, in _wrapper
    return bound_method(*args, **kwargs)
  File "C:\Users\lymuthien\AppData\Local\Programs\Python\Python313\Lib\site-packages\django\utils\decorators.py", line 192, in _view_wrapper
    result = _process_exception(request, e)
  File "C:\Users\lymuthien\AppData\Local\Programs\Python\Python313\Lib\site-packages\django\utils\decorators.py", line 190, in _view_wrapper
    response = view_func(request, *args, **kwargs)
  File "C:\Users\lymuthien\AppData\Local\Programs\Python\Python313\Lib\site-packages\django\contrib\admin\options.py", line 2163, in changelist_view
    "selection_note": _("0 of %(cnt)s selected") % {"cnt": len(cl.result_list)},
                                                           ~~~^^^^^^^^^^^^^^^^
  File "C:\Users\lymuthien\AppData\Local\Programs\Python\Python313\Lib\site-packages\django\db\models\query.py", line 366, in __len__
    self._fetch_all()
    ~~~~~~~~~~~~~~~^^
  File "C:\Users\lymuthien\AppData\Local\Programs\Python\Python313\Lib\site-packages\django\db\models\query.py", line 1949, in _fetch_all
    self._result_cache = list(self._iterable_class(self))
                         ~~~~^^^^^^^^^^^^^^^^^^^^^^^^^^^^
  File "C:\Users\lymuthien\AppData\Local\Programs\Python\Python313\Lib\site-packages\django\db\models\query.py", line 91, in __iter__
    results = compiler.execute_sql(
        chunked_fetch=self.chunked_fetch, chunk_size=self.chunk_size
    )
  File "C:\Users\lymuthien\AppData\Local\Programs\Python\Python313\Lib\site-packages\django\db\models\sql\compiler.py", line 1623, in execute_sql
    cursor.execute(sql, params)
    ~~~~~~~~~~~~~~^^^^^^^^^^^^^
  File "C:\Users\lymuthien\AppData\Local\Programs\Python\Python313\Lib\site-packages\django\db\backends\utils.py", line 122, in execute
    return super().execute(sql, params)
           ~~~~~~~~~~~~~~~^^^^^^^^^^^^^
  File "C:\Users\lymuthien\AppData\Local\Programs\Python\Python313\Lib\site-packages\django\db\backends\utils.py", line 79, in execute
    return self._execute_with_wrappers(
           ~~~~~~~~~~~~~~~~~~~~~~~~~~~^
        sql, params, many=False, executor=self._execute
        ^^^^^^^^^^^^^^^^^^^^^^^^^^^^^^^^^^^^^^^^^^^^^^^
    )
    ^
  File "C:\Users\lymuthien\AppData\Local\Programs\Python\Python313\Lib\site-packages\django\db\backends\utils.py", line 92, in _execute_with_wrappers
    return executor(sql, params, many, context)
  File "C:\Users\lymuthien\AppData\Local\Programs\Python\Python313\Lib\site-packages\django\db\backends\utils.py", line 100, in _execute
    with self.db.wrap_database_errors:
         ^^^^^^^^^^^^^^^^^^^^^^^^^^^^
  File "C:\Users\lymuthien\AppData\Local\Programs\Python\Python313\Lib\site-packages\django\db\utils.py", line 91, in __exit__
    raise dj_exc_value.with_traceback(traceback) from exc_value
  File "C:\Users\lymuthien\AppData\Local\Programs\Python\Python313\Lib\site-packages\django\db\backends\utils.py", line 105, in _execute
    return self.cursor.execute(sql, params)
           ~~~~~~~~~~~~~~~~~~~^^^^^^^^^^^^^
  File "C:\Users\lymuthien\AppData\Local\Programs\Python\Python313\Lib\site-packages\django\db\backends\sqlite3\base.py", line 360, in execute
    return super().execute(query, params)
           ~~~~~~~~~~~~~~~^^^^^^^^^^^^^^^
django.db.utils.OperationalError: no such column: home_news.text
2025-09-10 17:25:52,255 INFO autoreload Watching for file changes with StatReloader
2025-09-10 17:27:14,578 ERROR log Internal Server Error: /admin/home/aboutcompany/
Traceback (most recent call last):
  File "C:\Users\lymuthien\AppData\Local\Programs\Python\Python313\Lib\site-packages\django\db\backends\utils.py", line 105, in _execute
    return self.cursor.execute(sql, params)
           ~~~~~~~~~~~~~~~~~~~^^^^^^^^^^^^^
  File "C:\Users\lymuthien\AppData\Local\Programs\Python\Python313\Lib\site-packages\django\db\backends\sqlite3\base.py", line 360, in execute
    return super().execute(query, params)
           ~~~~~~~~~~~~~~~^^^^^^^^^^^^^^^
sqlite3.OperationalError: no such column: home_aboutcompany.video

The above exception was the direct cause of the following exception:

Traceback (most recent call last):
  File "C:\Users\lymuthien\AppData\Local\Programs\Python\Python313\Lib\site-packages\django\core\handlers\exception.py", line 55, in inner
    response = get_response(request)
  File "C:\Users\lymuthien\AppData\Local\Programs\Python\Python313\Lib\site-packages\django\core\handlers\base.py", line 197, in _get_response
    response = wrapped_callback(request, *callback_args, **callback_kwargs)
  File "C:\Users\lymuthien\AppData\Local\Programs\Python\Python313\Lib\site-packages\django\contrib\admin\options.py", line 719, in wrapper
    return self.admin_site.admin_view(view)(*args, **kwargs)
           ~~~~~~~~~~~~~~~~~~~~~~~~~~~~~~~~^^^^^^^^^^^^^^^^^
  File "C:\Users\lymuthien\AppData\Local\Programs\Python\Python313\Lib\site-packages\django\utils\decorators.py", line 192, in _view_wrapper
    result = _process_exception(request, e)
  File "C:\Users\lymuthien\AppData\Local\Programs\Python\Python313\Lib\site-packages\django\utils\decorators.py", line 190, in _view_wrapper
    response = view_func(request, *args, **kwargs)
  File "C:\Users\lymuthien\AppData\Local\Programs\Python\Python313\Lib\site-packages\django\views\decorators\cache.py", line 80, in _view_wrapper
    response = view_func(request, *args, **kwargs)
  File "C:\Users\lymuthien\AppData\Local\Programs\Python\Python313\Lib\site-packages\django\contrib\admin\sites.py", line 246, in inner
    return view(request, *args, **kwargs)
  File "C:\Users\lymuthien\AppData\Local\Programs\Python\Python313\Lib\site-packages\django\utils\decorators.py", line 48, in _wrapper
    return bound_method(*args, **kwargs)
  File "C:\Users\lymuthien\AppData\Local\Programs\Python\Python313\Lib\site-packages\django\utils\decorators.py", line 192, in _view_wrapper
    result = _process_exception(request, e)
  File "C:\Users\lymuthien\AppData\Local\Programs\Python\Python313\Lib\site-packages\django\utils\decorators.py", line 190, in _view_wrapper
    response = view_func(request, *args, **kwargs)
  File "C:\Users\lymuthien\AppData\Local\Programs\Python\Python313\Lib\site-packages\django\contrib\admin\options.py", line 2163, in changelist_view
    "selection_note": _("0 of %(cnt)s selected") % {"cnt": len(cl.result_list)},
                                                           ~~~^^^^^^^^^^^^^^^^
  File "C:\Users\lymuthien\AppData\Local\Programs\Python\Python313\Lib\site-packages\django\db\models\query.py", line 366, in __len__
    self._fetch_all()
    ~~~~~~~~~~~~~~~^^
  File "C:\Users\lymuthien\AppData\Local\Programs\Python\Python313\Lib\site-packages\django\db\models\query.py", line 1949, in _fetch_all
    self._result_cache = list(self._iterable_class(self))
                         ~~~~^^^^^^^^^^^^^^^^^^^^^^^^^^^^
  File "C:\Users\lymuthien\AppData\Local\Programs\Python\Python313\Lib\site-packages\django\db\models\query.py", line 91, in __iter__
    results = compiler.execute_sql(
        chunked_fetch=self.chunked_fetch, chunk_size=self.chunk_size
    )
  File "C:\Users\lymuthien\AppData\Local\Programs\Python\Python313\Lib\site-packages\django\db\models\sql\compiler.py", line 1623, in execute_sql
    cursor.execute(sql, params)
    ~~~~~~~~~~~~~~^^^^^^^^^^^^^
  File "C:\Users\lymuthien\AppData\Local\Programs\Python\Python313\Lib\site-packages\django\db\backends\utils.py", line 122, in execute
    return super().execute(sql, params)
           ~~~~~~~~~~~~~~~^^^^^^^^^^^^^
  File "C:\Users\lymuthien\AppData\Local\Programs\Python\Python313\Lib\site-packages\django\db\backends\utils.py", line 79, in execute
    return self._execute_with_wrappers(
           ~~~~~~~~~~~~~~~~~~~~~~~~~~~^
        sql, params, many=False, executor=self._execute
        ^^^^^^^^^^^^^^^^^^^^^^^^^^^^^^^^^^^^^^^^^^^^^^^
    )
    ^
  File "C:\Users\lymuthien\AppData\Local\Programs\Python\Python313\Lib\site-packages\django\db\backends\utils.py", line 92, in _execute_with_wrappers
    return executor(sql, params, many, context)
  File "C:\Users\lymuthien\AppData\Local\Programs\Python\Python313\Lib\site-packages\django\db\backends\utils.py", line 100, in _execute
    with self.db.wrap_database_errors:
         ^^^^^^^^^^^^^^^^^^^^^^^^^^^^
  File "C:\Users\lymuthien\AppData\Local\Programs\Python\Python313\Lib\site-packages\django\db\utils.py", line 91, in __exit__
    raise dj_exc_value.with_traceback(traceback) from exc_value
  File "C:\Users\lymuthien\AppData\Local\Programs\Python\Python313\Lib\site-packages\django\db\backends\utils.py", line 105, in _execute
    return self.cursor.execute(sql, params)
           ~~~~~~~~~~~~~~~~~~~^^^^^^^^^^^^^
  File "C:\Users\lymuthien\AppData\Local\Programs\Python\Python313\Lib\site-packages\django\db\backends\sqlite3\base.py", line 360, in execute
    return super().execute(query, params)
           ~~~~~~~~~~~~~~~^^^^^^^^^^^^^^^
django.db.utils.OperationalError: no such column: home_aboutcompany.video
2025-09-10 17:27:43,491 INFO autoreload D:\PythonProjects\BSUIR_IGI_STRWEB\STRWEB\LR1\real_estate_agency\home\models.py changed, reloading.
2025-09-10 17:27:44,568 INFO autoreload Watching for file changes with StatReloader
2025-09-10 17:27:56,730 INFO autoreload Watching for file changes with StatReloader
2025-09-10 17:38:58,944 INFO autoreload D:\PythonProjects\BSUIR_IGI_STRWEB\STRWEB\LR1\real_estate_agency\home\models.py changed, reloading.
2025-09-10 17:39:00,283 INFO autoreload Watching for file changes with StatReloader
2025-09-10 17:39:27,019 INFO autoreload Watching for file changes with StatReloader
2025-09-10 18:15:59,857 ERROR log Internal Server Error: /home/about/
Traceback (most recent call last):
  File "C:\Users\lymuthien\AppData\Local\Programs\Python\Python313\Lib\site-packages\django\template\base.py", line 510, in parse
    compile_func = self.tags[command]
                   ~~~~~~~~~^^^^^^^^^
KeyError: 'static'

During handling of the above exception, another exception occurred:

Traceback (most recent call last):
  File "C:\Users\lymuthien\AppData\Local\Programs\Python\Python313\Lib\site-packages\django\core\handlers\exception.py", line 55, in inner
    response = get_response(request)
  File "C:\Users\lymuthien\AppData\Local\Programs\Python\Python313\Lib\site-packages\django\core\handlers\base.py", line 220, in _get_response
    response = response.render()
  File "C:\Users\lymuthien\AppData\Local\Programs\Python\Python313\Lib\site-packages\django\template\response.py", line 114, in render
    self.content = self.rendered_content
                   ^^^^^^^^^^^^^^^^^^^^^
  File "C:\Users\lymuthien\AppData\Local\Programs\Python\Python313\Lib\site-packages\django\template\response.py", line 90, in rendered_content
    template = self.resolve_template(self.template_name)
  File "C:\Users\lymuthien\AppData\Local\Programs\Python\Python313\Lib\site-packages\django\template\response.py", line 72, in resolve_template
    return select_template(template, using=self.using)
  File "C:\Users\lymuthien\AppData\Local\Programs\Python\Python313\Lib\site-packages\django\template\loader.py", line 42, in select_template
    return engine.get_template(template_name)
           ~~~~~~~~~~~~~~~~~~~^^^^^^^^^^^^^^^
  File "C:\Users\lymuthien\AppData\Local\Programs\Python\Python313\Lib\site-packages\django\template\backends\django.py", line 79, in get_template
    return Template(self.engine.get_template(template_name), self)
                    ~~~~~~~~~~~~~~~~~~~~~~~~^^^^^^^^^^^^^^^
  File "C:\Users\lymuthien\AppData\Local\Programs\Python\Python313\Lib\site-packages\django\template\engine.py", line 177, in get_template
    template, origin = self.find_template(template_name)
                       ~~~~~~~~~~~~~~~~~~^^^^^^^^^^^^^^^
  File "C:\Users\lymuthien\AppData\Local\Programs\Python\Python313\Lib\site-packages\django\template\engine.py", line 159, in find_template
    template = loader.get_template(name, skip=skip)
  File "C:\Users\lymuthien\AppData\Local\Programs\Python\Python313\Lib\site-packages\django\template\loaders\cached.py", line 57, in get_template
    template = super().get_template(template_name, skip)
  File "C:\Users\lymuthien\AppData\Local\Programs\Python\Python313\Lib\site-packages\django\template\loaders\base.py", line 28, in get_template
    return Template(
        contents,
    ...<2 lines>...
        self.engine,
    )
  File "C:\Users\lymuthien\AppData\Local\Programs\Python\Python313\Lib\site-packages\django\template\base.py", line 154, in __init__
    self.nodelist = self.compile_nodelist()
                    ~~~~~~~~~~~~~~~~~~~~~^^
  File "C:\Users\lymuthien\AppData\Local\Programs\Python\Python313\Lib\site-packages\django\template\base.py", line 196, in compile_nodelist
    nodelist = parser.parse()
  File "C:\Users\lymuthien\AppData\Local\Programs\Python\Python313\Lib\site-packages\django\template\base.py", line 518, in parse
    raise self.error(token, e)
  File "C:\Users\lymuthien\AppData\Local\Programs\Python\Python313\Lib\site-packages\django\template\base.py", line 516, in parse
    compiled_result = compile_func(self, token)
  File "C:\Users\lymuthien\AppData\Local\Programs\Python\Python313\Lib\site-packages\django\template\loader_tags.py", line 299, in do_extends
    nodelist = parser.parse()
  File "C:\Users\lymuthien\AppData\Local\Programs\Python\Python313\Lib\site-packages\django\template\base.py", line 518, in parse
    raise self.error(token, e)
  File "C:\Users\lymuthien\AppData\Local\Programs\Python\Python313\Lib\site-packages\django\template\base.py", line 516, in parse
    compiled_result = compile_func(self, token)
  File "C:\Users\lymuthien\AppData\Local\Programs\Python\Python313\Lib\site-packages\django\template\loader_tags.py", line 234, in do_block
    nodelist = parser.parse(("endblock",))
  File "C:\Users\lymuthien\AppData\Local\Programs\Python\Python313\Lib\site-packages\django\template\base.py", line 512, in parse
    self.invalid_block_tag(token, command, parse_until)
    ~~~~~~~~~~~~~~~~~~~~~~^^^^^^^^^^^^^^^^^^^^^^^^^^^^^
  File "C:\Users\lymuthien\AppData\Local\Programs\Python\Python313\Lib\site-packages\django\template\base.py", line 567, in invalid_block_tag
    raise self.error(
    ...<8 lines>...
    )
django.template.exceptions.TemplateSyntaxError: Invalid block tag on line 9: 'static', expected 'endblock'. Did you forget to register or load this tag?
2025-09-10 18:16:25,688 ERROR log Internal Server Error: /home/about/
Traceback (most recent call last):
  File "C:\Users\lymuthien\AppData\Local\Programs\Python\Python313\Lib\site-packages\django\template\base.py", line 510, in parse
    compile_func = self.tags[command]
                   ~~~~~~~~~^^^^^^^^^
KeyError: 'static'

During handling of the above exception, another exception occurred:

Traceback (most recent call last):
  File "C:\Users\lymuthien\AppData\Local\Programs\Python\Python313\Lib\site-packages\django\core\handlers\exception.py", line 55, in inner
    response = get_response(request)
  File "C:\Users\lymuthien\AppData\Local\Programs\Python\Python313\Lib\site-packages\django\core\handlers\base.py", line 220, in _get_response
    response = response.render()
  File "C:\Users\lymuthien\AppData\Local\Programs\Python\Python313\Lib\site-packages\django\template\response.py", line 114, in render
    self.content = self.rendered_content
                   ^^^^^^^^^^^^^^^^^^^^^
  File "C:\Users\lymuthien\AppData\Local\Programs\Python\Python313\Lib\site-packages\django\template\response.py", line 90, in rendered_content
    template = self.resolve_template(self.template_name)
  File "C:\Users\lymuthien\AppData\Local\Programs\Python\Python313\Lib\site-packages\django\template\response.py", line 72, in resolve_template
    return select_template(template, using=self.using)
  File "C:\Users\lymuthien\AppData\Local\Programs\Python\Python313\Lib\site-packages\django\template\loader.py", line 42, in select_template
    return engine.get_template(template_name)
           ~~~~~~~~~~~~~~~~~~~^^^^^^^^^^^^^^^
  File "C:\Users\lymuthien\AppData\Local\Programs\Python\Python313\Lib\site-packages\django\template\backends\django.py", line 79, in get_template
    return Template(self.engine.get_template(template_name), self)
                    ~~~~~~~~~~~~~~~~~~~~~~~~^^^^^^^^^^^^^^^
  File "C:\Users\lymuthien\AppData\Local\Programs\Python\Python313\Lib\site-packages\django\template\engine.py", line 177, in get_template
    template, origin = self.find_template(template_name)
                       ~~~~~~~~~~~~~~~~~~^^^^^^^^^^^^^^^
  File "C:\Users\lymuthien\AppData\Local\Programs\Python\Python313\Lib\site-packages\django\template\engine.py", line 159, in find_template
    template = loader.get_template(name, skip=skip)
  File "C:\Users\lymuthien\AppData\Local\Programs\Python\Python313\Lib\site-packages\django\template\loaders\cached.py", line 57, in get_template
    template = super().get_template(template_name, skip)
  File "C:\Users\lymuthien\AppData\Local\Programs\Python\Python313\Lib\site-packages\django\template\loaders\base.py", line 28, in get_template
    return Template(
        contents,
    ...<2 lines>...
        self.engine,
    )
  File "C:\Users\lymuthien\AppData\Local\Programs\Python\Python313\Lib\site-packages\django\template\base.py", line 154, in __init__
    self.nodelist = self.compile_nodelist()
                    ~~~~~~~~~~~~~~~~~~~~~^^
  File "C:\Users\lymuthien\AppData\Local\Programs\Python\Python313\Lib\site-packages\django\template\base.py", line 196, in compile_nodelist
    nodelist = parser.parse()
  File "C:\Users\lymuthien\AppData\Local\Programs\Python\Python313\Lib\site-packages\django\template\base.py", line 518, in parse
    raise self.error(token, e)
  File "C:\Users\lymuthien\AppData\Local\Programs\Python\Python313\Lib\site-packages\django\template\base.py", line 516, in parse
    compiled_result = compile_func(self, token)
  File "C:\Users\lymuthien\AppData\Local\Programs\Python\Python313\Lib\site-packages\django\template\loader_tags.py", line 299, in do_extends
    nodelist = parser.parse()
  File "C:\Users\lymuthien\AppData\Local\Programs\Python\Python313\Lib\site-packages\django\template\base.py", line 518, in parse
    raise self.error(token, e)
  File "C:\Users\lymuthien\AppData\Local\Programs\Python\Python313\Lib\site-packages\django\template\base.py", line 516, in parse
    compiled_result = compile_func(self, token)
  File "C:\Users\lymuthien\AppData\Local\Programs\Python\Python313\Lib\site-packages\django\template\loader_tags.py", line 234, in do_block
    nodelist = parser.parse(("endblock",))
  File "C:\Users\lymuthien\AppData\Local\Programs\Python\Python313\Lib\site-packages\django\template\base.py", line 512, in parse
    self.invalid_block_tag(token, command, parse_until)
    ~~~~~~~~~~~~~~~~~~~~~~^^^^^^^^^^^^^^^^^^^^^^^^^^^^^
  File "C:\Users\lymuthien\AppData\Local\Programs\Python\Python313\Lib\site-packages\django\template\base.py", line 567, in invalid_block_tag
    raise self.error(
    ...<8 lines>...
    )
django.template.exceptions.TemplateSyntaxError: Invalid block tag on line 9: 'static', expected 'endblock'. Did you forget to register or load this tag?
2025-09-10 18:16:32,510 WARNING log Not Found: /media/logo
2025-09-10 18:16:32,512 WARNING log Not Found: /media/certificate
2025-09-10 18:16:58,132 WARNING log Not Found: /media/logo
2025-09-10 18:16:58,135 WARNING log Not Found: /media/certificate
2025-09-10 18:17:01,565 WARNING log Not Found: /media/logo
2025-09-10 18:17:01,571 WARNING log Not Found: /media/certificate
2025-09-10 18:17:05,925 WARNING log Not Found: /media/logo
2025-09-10 18:17:05,928 WARNING log Not Found: /media/certificate
2025-09-10 18:18:55,049 WARNING log Not Found: /media/certificate
2025-09-10 18:18:55,051 WARNING log Not Found: /media/logo
2025-09-10 18:21:00,202 WARNING log Not Found: /media/logo
2025-09-10 18:21:00,204 WARNING log Not Found: /home/about/certificate
2025-09-10 18:21:26,261 WARNING log Not Found: /home/about/certificate_\u043a\u043e\u043f\u0438\u044f.jpg
2025-09-10 18:21:26,266 WARNING log Not Found: /media/logo
2025-09-10 18:21:34,023 WARNING log Not Found: /media/logo
2025-09-10 18:26:06,728 WARNING log Not Found: /home/about/history.
2025-09-10 18:26:10,295 WARNING log Not Found: /home/about/history
2025-09-10 18:26:12,269 WARNING log Not Found: /home/about/history/
2025-09-10 22:27:11,224 ERROR log Internal Server Error: /home/
Traceback (most recent call last):
  File "C:\Users\lymuthien\AppData\Local\Programs\Python\Python313\Lib\site-packages\django\template\base.py", line 510, in parse
    compile_func = self.tags[command]
                   ~~~~~~~~~^^^^^^^^^
KeyError: 'static'

During handling of the above exception, another exception occurred:

Traceback (most recent call last):
  File "C:\Users\lymuthien\AppData\Local\Programs\Python\Python313\Lib\site-packages\django\core\handlers\exception.py", line 55, in inner
    response = get_response(request)
  File "C:\Users\lymuthien\AppData\Local\Programs\Python\Python313\Lib\site-packages\django\core\handlers\base.py", line 220, in _get_response
    response = response.render()
  File "C:\Users\lymuthien\AppData\Local\Programs\Python\Python313\Lib\site-packages\django\template\response.py", line 114, in render
    self.content = self.rendered_content
                   ^^^^^^^^^^^^^^^^^^^^^
  File "C:\Users\lymuthien\AppData\Local\Programs\Python\Python313\Lib\site-packages\django\template\response.py", line 92, in rendered_content
    return template.render(context, self._request)
           ~~~~~~~~~~~~~~~^^^^^^^^^^^^^^^^^^^^^^^^
  File "C:\Users\lymuthien\AppData\Local\Programs\Python\Python313\Lib\site-packages\django\template\backends\django.py", line 107, in render
    return self.template.render(context)
           ~~~~~~~~~~~~~~~~~~~~^^^^^^^^^
  File "C:\Users\lymuthien\AppData\Local\Programs\Python\Python313\Lib\site-packages\django\template\base.py", line 171, in render
    return self._render(context)
           ~~~~~~~~~~~~^^^^^^^^^
  File "C:\Users\lymuthien\AppData\Local\Programs\Python\Python313\Lib\site-packages\django\template\base.py", line 163, in _render
    return self.nodelist.render(context)
           ~~~~~~~~~~~~~~~~~~~~^^^^^^^^^
  File "C:\Users\lymuthien\AppData\Local\Programs\Python\Python313\Lib\site-packages\django\template\base.py", line 1016, in render
    return SafeString("".join([node.render_annotated(context) for node in self]))
                               ~~~~~~~~~~~~~~~~~~~~~^^^^^^^^^
  File "C:\Users\lymuthien\AppData\Local\Programs\Python\Python313\Lib\site-packages\django\template\base.py", line 977, in render_annotated
    return self.render(context)
           ~~~~~~~~~~~^^^^^^^^^
  File "C:\Users\lymuthien\AppData\Local\Programs\Python\Python313\Lib\site-packages\django\template\loader_tags.py", line 134, in render
    compiled_parent = self.get_parent(context)
  File "C:\Users\lymuthien\AppData\Local\Programs\Python\Python313\Lib\site-packages\django\template\loader_tags.py", line 131, in get_parent
    return self.find_template(parent, context)
           ~~~~~~~~~~~~~~~~~~^^^^^^^^^^^^^^^^^
  File "C:\Users\lymuthien\AppData\Local\Programs\Python\Python313\Lib\site-packages\django\template\loader_tags.py", line 109, in find_template
    template, origin = context.template.engine.find_template(
                       ~~~~~~~~~~~~~~~~~~~~~~~~~~~~~~~~~~~~~^
        template_name,
        ^^^^^^^^^^^^^^
        skip=history,
        ^^^^^^^^^^^^^
    )
    ^
  File "C:\Users\lymuthien\AppData\Local\Programs\Python\Python313\Lib\site-packages\django\template\engine.py", line 159, in find_template
    template = loader.get_template(name, skip=skip)
  File "C:\Users\lymuthien\AppData\Local\Programs\Python\Python313\Lib\site-packages\django\template\loaders\cached.py", line 57, in get_template
    template = super().get_template(template_name, skip)
  File "C:\Users\lymuthien\AppData\Local\Programs\Python\Python313\Lib\site-packages\django\template\loaders\base.py", line 28, in get_template
    return Template(
        contents,
    ...<2 lines>...
        self.engine,
    )
  File "C:\Users\lymuthien\AppData\Local\Programs\Python\Python313\Lib\site-packages\django\template\base.py", line 154, in __init__
    self.nodelist = self.compile_nodelist()
                    ~~~~~~~~~~~~~~~~~~~~~^^
  File "C:\Users\lymuthien\AppData\Local\Programs\Python\Python313\Lib\site-packages\django\template\base.py", line 196, in compile_nodelist
    nodelist = parser.parse()
  File "C:\Users\lymuthien\AppData\Local\Programs\Python\Python313\Lib\site-packages\django\template\base.py", line 512, in parse
    self.invalid_block_tag(token, command, parse_until)
    ~~~~~~~~~~~~~~~~~~~~~~^^^^^^^^^^^^^^^^^^^^^^^^^^^^^
  File "C:\Users\lymuthien\AppData\Local\Programs\Python\Python313\Lib\site-packages\django\template\base.py", line 577, in invalid_block_tag
    raise self.error(
    ...<3 lines>...
    )
django.template.exceptions.TemplateSyntaxError: Invalid block tag on line 10: 'static'. Did you forget to register or load this tag?
2025-09-10 22:27:33,825 WARNING log Not Found: /home/media/\u0413\u0430\u0440\u0430\u043d\u0442.png
2025-09-10 22:36:06,381 INFO autoreload Watching for file changes with StatReloader
2025-09-10 22:37:37,175 INFO autoreload D:\PythonProjects\BSUIR_IGI_STRWEB\STRWEB\LR1\real_estate_agency\real_estate_agency\settings.py changed, reloading.
2025-09-10 22:37:38,888 INFO autoreload Watching for file changes with StatReloader
2025-09-10 22:37:58,476 INFO autoreload Watching for file changes with StatReloader
2025-09-10 22:38:20,295 INFO autoreload Watching for file changes with StatReloader
2025-09-10 22:39:07,366 INFO autoreload D:\PythonProjects\BSUIR_IGI_STRWEB\STRWEB\LR1\real_estate_agency\real_estate_agency\settings.py changed, reloading.
2025-09-10 22:39:08,827 INFO autoreload Watching for file changes with StatReloader
2025-09-10 22:39:46,908 INFO autoreload D:\PythonProjects\BSUIR_IGI_STRWEB\STRWEB\LR1\real_estate_agency\real_estate_agency\settings.py changed, reloading.
2025-09-10 22:39:48,460 INFO autoreload Watching for file changes with StatReloader
2025-09-10 23:13:50,242 INFO autoreload D:\PythonProjects\BSUIR_IGI_STRWEB\STRWEB\LR1\real_estate_agency\home\views.py changed, reloading.
2025-09-10 23:13:52,145 INFO autoreload Watching for file changes with StatReloader
2025-09-10 23:19:15,098 INFO timezone_service ip:127.0.0.1
2025-09-10 23:19:15,789 INFO views Timezone determined for user lymuthien: UTC
2025-09-11 12:12:24,239 INFO autoreload Watching for file changes with StatReloader
2025-09-11 12:14:15,391 INFO autoreload D:\PythonProjects\BSUIR_IGI_STRWEB\STRWEB\LR1\real_estate_agency\home\admin.py changed, reloading.
2025-09-11 12:14:16,501 INFO autoreload Watching for file changes with StatReloader
2025-09-11 12:14:19,214 ERROR log Internal Server Error: /admin/home/partnercompany/
Traceback (most recent call last):
  File "C:\Users\lymuthien\AppData\Local\Programs\Python\Python313\Lib\site-packages\django\db\backends\utils.py", line 105, in _execute
    return self.cursor.execute(sql, params)
           ~~~~~~~~~~~~~~~~~~~^^^^^^^^^^^^^
  File "C:\Users\lymuthien\AppData\Local\Programs\Python\Python313\Lib\site-packages\django\db\backends\sqlite3\base.py", line 360, in execute
    return super().execute(query, params)
           ~~~~~~~~~~~~~~~^^^^^^^^^^^^^^^
sqlite3.OperationalError: no such table: home_partnercompany

The above exception was the direct cause of the following exception:

Traceback (most recent call last):
  File "C:\Users\lymuthien\AppData\Local\Programs\Python\Python313\Lib\site-packages\django\core\handlers\exception.py", line 55, in inner
    response = get_response(request)
  File "C:\Users\lymuthien\AppData\Local\Programs\Python\Python313\Lib\site-packages\django\core\handlers\base.py", line 197, in _get_response
    response = wrapped_callback(request, *callback_args, **callback_kwargs)
  File "C:\Users\lymuthien\AppData\Local\Programs\Python\Python313\Lib\site-packages\django\contrib\admin\options.py", line 719, in wrapper
    return self.admin_site.admin_view(view)(*args, **kwargs)
           ~~~~~~~~~~~~~~~~~~~~~~~~~~~~~~~~^^^^^^^^^^^^^^^^^
  File "C:\Users\lymuthien\AppData\Local\Programs\Python\Python313\Lib\site-packages\django\utils\decorators.py", line 192, in _view_wrapper
    result = _process_exception(request, e)
  File "C:\Users\lymuthien\AppData\Local\Programs\Python\Python313\Lib\site-packages\django\utils\decorators.py", line 190, in _view_wrapper
    response = view_func(request, *args, **kwargs)
  File "C:\Users\lymuthien\AppData\Local\Programs\Python\Python313\Lib\site-packages\django\views\decorators\cache.py", line 80, in _view_wrapper
    response = view_func(request, *args, **kwargs)
  File "C:\Users\lymuthien\AppData\Local\Programs\Python\Python313\Lib\site-packages\django\contrib\admin\sites.py", line 246, in inner
    return view(request, *args, **kwargs)
  File "C:\Users\lymuthien\AppData\Local\Programs\Python\Python313\Lib\site-packages\django\utils\decorators.py", line 48, in _wrapper
    return bound_method(*args, **kwargs)
  File "C:\Users\lymuthien\AppData\Local\Programs\Python\Python313\Lib\site-packages\django\utils\decorators.py", line 192, in _view_wrapper
    result = _process_exception(request, e)
  File "C:\Users\lymuthien\AppData\Local\Programs\Python\Python313\Lib\site-packages\django\utils\decorators.py", line 190, in _view_wrapper
    response = view_func(request, *args, **kwargs)
  File "C:\Users\lymuthien\AppData\Local\Programs\Python\Python313\Lib\site-packages\django\contrib\admin\options.py", line 2024, in changelist_view
    cl = self.get_changelist_instance(request)
  File "C:\Users\lymuthien\AppData\Local\Programs\Python\Python313\Lib\site-packages\django\contrib\admin\options.py", line 867, in get_changelist_instance
    return ChangeList(
        request,
    ...<12 lines>...
        self.search_help_text,
    )
  File "C:\Users\lymuthien\AppData\Local\Programs\Python\Python313\Lib\site-packages\django\contrib\admin\views\main.py", line 146, in __init__
    self.get_results(request)
    ~~~~~~~~~~~~~~~~^^^^^^^^^
  File "C:\Users\lymuthien\AppData\Local\Programs\Python\Python313\Lib\site-packages\django\contrib\admin\views\main.py", line 313, in get_results
    result_count = paginator.count
                   ^^^^^^^^^^^^^^^
  File "C:\Users\lymuthien\AppData\Local\Programs\Python\Python313\Lib\site-packages\django\utils\functional.py", line 47, in __get__
    res = instance.__dict__[self.name] = self.func(instance)
                                         ~~~~~~~~~^^^^^^^^^^
  File "C:\Users\lymuthien\AppData\Local\Programs\Python\Python313\Lib\site-packages\django\core\paginator.py", line 110, in count
    return c()
  File "C:\Users\lymuthien\AppData\Local\Programs\Python\Python313\Lib\site-packages\django\db\models\query.py", line 604, in count
    return self.query.get_count(using=self.db)
           ~~~~~~~~~~~~~~~~~~~~^^^^^^^^^^^^^^^
  File "C:\Users\lymuthien\AppData\Local\Programs\Python\Python313\Lib\site-packages\django\db\models\sql\query.py", line 644, in get_count
    return obj.get_aggregation(using, {"__count": Count("*")})["__count"]
           ~~~~~~~~~~~~~~~~~~~^^^^^^^^^^^^^^^^^^^^^^^^^^^^^^^^
  File "C:\Users\lymuthien\AppData\Local\Programs\Python\Python313\Lib\site-packages\django\db\models\sql\query.py", line 626, in get_aggregation
    result = compiler.execute_sql(SINGLE)
  File "C:\Users\lymuthien\AppData\Local\Programs\Python\Python313\Lib\site-packages\django\db\models\sql\compiler.py", line 1623, in execute_sql
    cursor.execute(sql, params)
    ~~~~~~~~~~~~~~^^^^^^^^^^^^^
  File "C:\Users\lymuthien\AppData\Local\Programs\Python\Python313\Lib\site-packages\django\db\backends\utils.py", line 122, in execute
    return super().execute(sql, params)
           ~~~~~~~~~~~~~~~^^^^^^^^^^^^^
  File "C:\Users\lymuthien\AppData\Local\Programs\Python\Python313\Lib\site-packages\django\db\backends\utils.py", line 79, in execute
    return self._execute_with_wrappers(
           ~~~~~~~~~~~~~~~~~~~~~~~~~~~^
        sql, params, many=False, executor=self._execute
        ^^^^^^^^^^^^^^^^^^^^^^^^^^^^^^^^^^^^^^^^^^^^^^^
    )
    ^
  File "C:\Users\lymuthien\AppData\Local\Programs\Python\Python313\Lib\site-packages\django\db\backends\utils.py", line 92, in _execute_with_wrappers
    return executor(sql, params, many, context)
  File "C:\Users\lymuthien\AppData\Local\Programs\Python\Python313\Lib\site-packages\django\db\backends\utils.py", line 100, in _execute
    with self.db.wrap_database_errors:
         ^^^^^^^^^^^^^^^^^^^^^^^^^^^^
  File "C:\Users\lymuthien\AppData\Local\Programs\Python\Python313\Lib\site-packages\django\db\utils.py", line 91, in __exit__
    raise dj_exc_value.with_traceback(traceback) from exc_value
  File "C:\Users\lymuthien\AppData\Local\Programs\Python\Python313\Lib\site-packages\django\db\backends\utils.py", line 105, in _execute
    return self.cursor.execute(sql, params)
           ~~~~~~~~~~~~~~~~~~~^^^^^^^^^^^^^
  File "C:\Users\lymuthien\AppData\Local\Programs\Python\Python313\Lib\site-packages\django\db\backends\sqlite3\base.py", line 360, in execute
    return super().execute(query, params)
           ~~~~~~~~~~~~~~~^^^^^^^^^^^^^^^
django.db.utils.OperationalError: no such table: home_partnercompany
2025-09-11 12:14:45,329 INFO autoreload D:\PythonProjects\BSUIR_IGI_STRWEB\STRWEB\LR1\real_estate_agency\home\models.py changed, reloading.
2025-09-11 12:14:46,633 INFO autoreload Watching for file changes with StatReloader
2025-09-11 12:14:47,529 ERROR log Internal Server Error: /admin/home/partnercompany/
Traceback (most recent call last):
  File "C:\Users\lymuthien\AppData\Local\Programs\Python\Python313\Lib\site-packages\django\db\backends\utils.py", line 105, in _execute
    return self.cursor.execute(sql, params)
           ~~~~~~~~~~~~~~~~~~~^^^^^^^^^^^^^
  File "C:\Users\lymuthien\AppData\Local\Programs\Python\Python313\Lib\site-packages\django\db\backends\sqlite3\base.py", line 360, in execute
    return super().execute(query, params)
           ~~~~~~~~~~~~~~~^^^^^^^^^^^^^^^
sqlite3.OperationalError: no such table: home_partnercompany

The above exception was the direct cause of the following exception:

Traceback (most recent call last):
  File "C:\Users\lymuthien\AppData\Local\Programs\Python\Python313\Lib\site-packages\django\core\handlers\exception.py", line 55, in inner
    response = get_response(request)
  File "C:\Users\lymuthien\AppData\Local\Programs\Python\Python313\Lib\site-packages\django\core\handlers\base.py", line 197, in _get_response
    response = wrapped_callback(request, *callback_args, **callback_kwargs)
  File "C:\Users\lymuthien\AppData\Local\Programs\Python\Python313\Lib\site-packages\django\contrib\admin\options.py", line 719, in wrapper
    return self.admin_site.admin_view(view)(*args, **kwargs)
           ~~~~~~~~~~~~~~~~~~~~~~~~~~~~~~~~^^^^^^^^^^^^^^^^^
  File "C:\Users\lymuthien\AppData\Local\Programs\Python\Python313\Lib\site-packages\django\utils\decorators.py", line 192, in _view_wrapper
    result = _process_exception(request, e)
  File "C:\Users\lymuthien\AppData\Local\Programs\Python\Python313\Lib\site-packages\django\utils\decorators.py", line 190, in _view_wrapper
    response = view_func(request, *args, **kwargs)
  File "C:\Users\lymuthien\AppData\Local\Programs\Python\Python313\Lib\site-packages\django\views\decorators\cache.py", line 80, in _view_wrapper
    response = view_func(request, *args, **kwargs)
  File "C:\Users\lymuthien\AppData\Local\Programs\Python\Python313\Lib\site-packages\django\contrib\admin\sites.py", line 246, in inner
    return view(request, *args, **kwargs)
  File "C:\Users\lymuthien\AppData\Local\Programs\Python\Python313\Lib\site-packages\django\utils\decorators.py", line 48, in _wrapper
    return bound_method(*args, **kwargs)
  File "C:\Users\lymuthien\AppData\Local\Programs\Python\Python313\Lib\site-packages\django\utils\decorators.py", line 192, in _view_wrapper
    result = _process_exception(request, e)
  File "C:\Users\lymuthien\AppData\Local\Programs\Python\Python313\Lib\site-packages\django\utils\decorators.py", line 190, in _view_wrapper
    response = view_func(request, *args, **kwargs)
  File "C:\Users\lymuthien\AppData\Local\Programs\Python\Python313\Lib\site-packages\django\contrib\admin\options.py", line 2024, in changelist_view
    cl = self.get_changelist_instance(request)
  File "C:\Users\lymuthien\AppData\Local\Programs\Python\Python313\Lib\site-packages\django\contrib\admin\options.py", line 867, in get_changelist_instance
    return ChangeList(
        request,
    ...<12 lines>...
        self.search_help_text,
    )
  File "C:\Users\lymuthien\AppData\Local\Programs\Python\Python313\Lib\site-packages\django\contrib\admin\views\main.py", line 146, in __init__
    self.get_results(request)
    ~~~~~~~~~~~~~~~~^^^^^^^^^
  File "C:\Users\lymuthien\AppData\Local\Programs\Python\Python313\Lib\site-packages\django\contrib\admin\views\main.py", line 313, in get_results
    result_count = paginator.count
                   ^^^^^^^^^^^^^^^
  File "C:\Users\lymuthien\AppData\Local\Programs\Python\Python313\Lib\site-packages\django\utils\functional.py", line 47, in __get__
    res = instance.__dict__[self.name] = self.func(instance)
                                         ~~~~~~~~~^^^^^^^^^^
  File "C:\Users\lymuthien\AppData\Local\Programs\Python\Python313\Lib\site-packages\django\core\paginator.py", line 110, in count
    return c()
  File "C:\Users\lymuthien\AppData\Local\Programs\Python\Python313\Lib\site-packages\django\db\models\query.py", line 604, in count
    return self.query.get_count(using=self.db)
           ~~~~~~~~~~~~~~~~~~~~^^^^^^^^^^^^^^^
  File "C:\Users\lymuthien\AppData\Local\Programs\Python\Python313\Lib\site-packages\django\db\models\sql\query.py", line 644, in get_count
    return obj.get_aggregation(using, {"__count": Count("*")})["__count"]
           ~~~~~~~~~~~~~~~~~~~^^^^^^^^^^^^^^^^^^^^^^^^^^^^^^^^
  File "C:\Users\lymuthien\AppData\Local\Programs\Python\Python313\Lib\site-packages\django\db\models\sql\query.py", line 626, in get_aggregation
    result = compiler.execute_sql(SINGLE)
  File "C:\Users\lymuthien\AppData\Local\Programs\Python\Python313\Lib\site-packages\django\db\models\sql\compiler.py", line 1623, in execute_sql
    cursor.execute(sql, params)
    ~~~~~~~~~~~~~~^^^^^^^^^^^^^
  File "C:\Users\lymuthien\AppData\Local\Programs\Python\Python313\Lib\site-packages\django\db\backends\utils.py", line 122, in execute
    return super().execute(sql, params)
           ~~~~~~~~~~~~~~~^^^^^^^^^^^^^
  File "C:\Users\lymuthien\AppData\Local\Programs\Python\Python313\Lib\site-packages\django\db\backends\utils.py", line 79, in execute
    return self._execute_with_wrappers(
           ~~~~~~~~~~~~~~~~~~~~~~~~~~~^
        sql, params, many=False, executor=self._execute
        ^^^^^^^^^^^^^^^^^^^^^^^^^^^^^^^^^^^^^^^^^^^^^^^
    )
    ^
  File "C:\Users\lymuthien\AppData\Local\Programs\Python\Python313\Lib\site-packages\django\db\backends\utils.py", line 92, in _execute_with_wrappers
    return executor(sql, params, many, context)
  File "C:\Users\lymuthien\AppData\Local\Programs\Python\Python313\Lib\site-packages\django\db\backends\utils.py", line 100, in _execute
    with self.db.wrap_database_errors:
         ^^^^^^^^^^^^^^^^^^^^^^^^^^^^
  File "C:\Users\lymuthien\AppData\Local\Programs\Python\Python313\Lib\site-packages\django\db\utils.py", line 91, in __exit__
    raise dj_exc_value.with_traceback(traceback) from exc_value
  File "C:\Users\lymuthien\AppData\Local\Programs\Python\Python313\Lib\site-packages\django\db\backends\utils.py", line 105, in _execute
    return self.cursor.execute(sql, params)
           ~~~~~~~~~~~~~~~~~~~^^^^^^^^^^^^^
  File "C:\Users\lymuthien\AppData\Local\Programs\Python\Python313\Lib\site-packages\django\db\backends\sqlite3\base.py", line 360, in execute
    return super().execute(query, params)
           ~~~~~~~~~~~~~~~^^^^^^^^^^^^^^^
django.db.utils.OperationalError: no such table: home_partnercompany
2025-09-11 12:18:06,252 INFO autoreload Watching for file changes with StatReloader
2025-09-11 12:18:12,774 ERROR log Internal Server Error: /admin/home/partnercompany/
Traceback (most recent call last):
  File "C:\Users\lymuthien\AppData\Local\Programs\Python\Python313\Lib\site-packages\django\db\backends\utils.py", line 105, in _execute
    return self.cursor.execute(sql, params)
           ~~~~~~~~~~~~~~~~~~~^^^^^^^^^^^^^
  File "C:\Users\lymuthien\AppData\Local\Programs\Python\Python313\Lib\site-packages\django\db\backends\sqlite3\base.py", line 360, in execute
    return super().execute(query, params)
           ~~~~~~~~~~~~~~~^^^^^^^^^^^^^^^
sqlite3.OperationalError: no such table: home_partnercompany

The above exception was the direct cause of the following exception:

Traceback (most recent call last):
  File "C:\Users\lymuthien\AppData\Local\Programs\Python\Python313\Lib\site-packages\django\core\handlers\exception.py", line 55, in inner
    response = get_response(request)
  File "C:\Users\lymuthien\AppData\Local\Programs\Python\Python313\Lib\site-packages\django\core\handlers\base.py", line 197, in _get_response
    response = wrapped_callback(request, *callback_args, **callback_kwargs)
  File "C:\Users\lymuthien\AppData\Local\Programs\Python\Python313\Lib\site-packages\django\contrib\admin\options.py", line 719, in wrapper
    return self.admin_site.admin_view(view)(*args, **kwargs)
           ~~~~~~~~~~~~~~~~~~~~~~~~~~~~~~~~^^^^^^^^^^^^^^^^^
  File "C:\Users\lymuthien\AppData\Local\Programs\Python\Python313\Lib\site-packages\django\utils\decorators.py", line 192, in _view_wrapper
    result = _process_exception(request, e)
  File "C:\Users\lymuthien\AppData\Local\Programs\Python\Python313\Lib\site-packages\django\utils\decorators.py", line 190, in _view_wrapper
    response = view_func(request, *args, **kwargs)
  File "C:\Users\lymuthien\AppData\Local\Programs\Python\Python313\Lib\site-packages\django\views\decorators\cache.py", line 80, in _view_wrapper
    response = view_func(request, *args, **kwargs)
  File "C:\Users\lymuthien\AppData\Local\Programs\Python\Python313\Lib\site-packages\django\contrib\admin\sites.py", line 246, in inner
    return view(request, *args, **kwargs)
  File "C:\Users\lymuthien\AppData\Local\Programs\Python\Python313\Lib\site-packages\django\utils\decorators.py", line 48, in _wrapper
    return bound_method(*args, **kwargs)
  File "C:\Users\lymuthien\AppData\Local\Programs\Python\Python313\Lib\site-packages\django\utils\decorators.py", line 192, in _view_wrapper
    result = _process_exception(request, e)
  File "C:\Users\lymuthien\AppData\Local\Programs\Python\Python313\Lib\site-packages\django\utils\decorators.py", line 190, in _view_wrapper
    response = view_func(request, *args, **kwargs)
  File "C:\Users\lymuthien\AppData\Local\Programs\Python\Python313\Lib\site-packages\django\contrib\admin\options.py", line 2024, in changelist_view
    cl = self.get_changelist_instance(request)
  File "C:\Users\lymuthien\AppData\Local\Programs\Python\Python313\Lib\site-packages\django\contrib\admin\options.py", line 867, in get_changelist_instance
    return ChangeList(
        request,
    ...<12 lines>...
        self.search_help_text,
    )
  File "C:\Users\lymuthien\AppData\Local\Programs\Python\Python313\Lib\site-packages\django\contrib\admin\views\main.py", line 146, in __init__
    self.get_results(request)
    ~~~~~~~~~~~~~~~~^^^^^^^^^
  File "C:\Users\lymuthien\AppData\Local\Programs\Python\Python313\Lib\site-packages\django\contrib\admin\views\main.py", line 313, in get_results
    result_count = paginator.count
                   ^^^^^^^^^^^^^^^
  File "C:\Users\lymuthien\AppData\Local\Programs\Python\Python313\Lib\site-packages\django\utils\functional.py", line 47, in __get__
    res = instance.__dict__[self.name] = self.func(instance)
                                         ~~~~~~~~~^^^^^^^^^^
  File "C:\Users\lymuthien\AppData\Local\Programs\Python\Python313\Lib\site-packages\django\core\paginator.py", line 110, in count
    return c()
  File "C:\Users\lymuthien\AppData\Local\Programs\Python\Python313\Lib\site-packages\django\db\models\query.py", line 604, in count
    return self.query.get_count(using=self.db)
           ~~~~~~~~~~~~~~~~~~~~^^^^^^^^^^^^^^^
  File "C:\Users\lymuthien\AppData\Local\Programs\Python\Python313\Lib\site-packages\django\db\models\sql\query.py", line 644, in get_count
    return obj.get_aggregation(using, {"__count": Count("*")})["__count"]
           ~~~~~~~~~~~~~~~~~~~^^^^^^^^^^^^^^^^^^^^^^^^^^^^^^^^
  File "C:\Users\lymuthien\AppData\Local\Programs\Python\Python313\Lib\site-packages\django\db\models\sql\query.py", line 626, in get_aggregation
    result = compiler.execute_sql(SINGLE)
  File "C:\Users\lymuthien\AppData\Local\Programs\Python\Python313\Lib\site-packages\django\db\models\sql\compiler.py", line 1623, in execute_sql
    cursor.execute(sql, params)
    ~~~~~~~~~~~~~~^^^^^^^^^^^^^
  File "C:\Users\lymuthien\AppData\Local\Programs\Python\Python313\Lib\site-packages\django\db\backends\utils.py", line 122, in execute
    return super().execute(sql, params)
           ~~~~~~~~~~~~~~~^^^^^^^^^^^^^
  File "C:\Users\lymuthien\AppData\Local\Programs\Python\Python313\Lib\site-packages\django\db\backends\utils.py", line 79, in execute
    return self._execute_with_wrappers(
           ~~~~~~~~~~~~~~~~~~~~~~~~~~~^
        sql, params, many=False, executor=self._execute
        ^^^^^^^^^^^^^^^^^^^^^^^^^^^^^^^^^^^^^^^^^^^^^^^
    )
    ^
  File "C:\Users\lymuthien\AppData\Local\Programs\Python\Python313\Lib\site-packages\django\db\backends\utils.py", line 92, in _execute_with_wrappers
    return executor(sql, params, many, context)
  File "C:\Users\lymuthien\AppData\Local\Programs\Python\Python313\Lib\site-packages\django\db\backends\utils.py", line 100, in _execute
    with self.db.wrap_database_errors:
         ^^^^^^^^^^^^^^^^^^^^^^^^^^^^
  File "C:\Users\lymuthien\AppData\Local\Programs\Python\Python313\Lib\site-packages\django\db\utils.py", line 91, in __exit__
    raise dj_exc_value.with_traceback(traceback) from exc_value
  File "C:\Users\lymuthien\AppData\Local\Programs\Python\Python313\Lib\site-packages\django\db\backends\utils.py", line 105, in _execute
    return self.cursor.execute(sql, params)
           ~~~~~~~~~~~~~~~~~~~^^^^^^^^^^^^^
  File "C:\Users\lymuthien\AppData\Local\Programs\Python\Python313\Lib\site-packages\django\db\backends\sqlite3\base.py", line 360, in execute
    return super().execute(query, params)
           ~~~~~~~~~~~~~~~^^^^^^^^^^^^^^^
django.db.utils.OperationalError: no such table: home_partnercompany
2025-09-11 12:19:01,271 ERROR log Internal Server Error: /admin/home/partnercompany/
Traceback (most recent call last):
  File "C:\Users\lymuthien\AppData\Local\Programs\Python\Python313\Lib\site-packages\django\db\backends\utils.py", line 105, in _execute
    return self.cursor.execute(sql, params)
           ~~~~~~~~~~~~~~~~~~~^^^^^^^^^^^^^
  File "C:\Users\lymuthien\AppData\Local\Programs\Python\Python313\Lib\site-packages\django\db\backends\sqlite3\base.py", line 360, in execute
    return super().execute(query, params)
           ~~~~~~~~~~~~~~~^^^^^^^^^^^^^^^
sqlite3.OperationalError: no such table: home_partnercompany

The above exception was the direct cause of the following exception:

Traceback (most recent call last):
  File "C:\Users\lymuthien\AppData\Local\Programs\Python\Python313\Lib\site-packages\django\core\handlers\exception.py", line 55, in inner
    response = get_response(request)
  File "C:\Users\lymuthien\AppData\Local\Programs\Python\Python313\Lib\site-packages\django\core\handlers\base.py", line 197, in _get_response
    response = wrapped_callback(request, *callback_args, **callback_kwargs)
  File "C:\Users\lymuthien\AppData\Local\Programs\Python\Python313\Lib\site-packages\django\contrib\admin\options.py", line 719, in wrapper
    return self.admin_site.admin_view(view)(*args, **kwargs)
           ~~~~~~~~~~~~~~~~~~~~~~~~~~~~~~~~^^^^^^^^^^^^^^^^^
  File "C:\Users\lymuthien\AppData\Local\Programs\Python\Python313\Lib\site-packages\django\utils\decorators.py", line 192, in _view_wrapper
    result = _process_exception(request, e)
  File "C:\Users\lymuthien\AppData\Local\Programs\Python\Python313\Lib\site-packages\django\utils\decorators.py", line 190, in _view_wrapper
    response = view_func(request, *args, **kwargs)
  File "C:\Users\lymuthien\AppData\Local\Programs\Python\Python313\Lib\site-packages\django\views\decorators\cache.py", line 80, in _view_wrapper
    response = view_func(request, *args, **kwargs)
  File "C:\Users\lymuthien\AppData\Local\Programs\Python\Python313\Lib\site-packages\django\contrib\admin\sites.py", line 246, in inner
    return view(request, *args, **kwargs)
  File "C:\Users\lymuthien\AppData\Local\Programs\Python\Python313\Lib\site-packages\django\utils\decorators.py", line 48, in _wrapper
    return bound_method(*args, **kwargs)
  File "C:\Users\lymuthien\AppData\Local\Programs\Python\Python313\Lib\site-packages\django\utils\decorators.py", line 192, in _view_wrapper
    result = _process_exception(request, e)
  File "C:\Users\lymuthien\AppData\Local\Programs\Python\Python313\Lib\site-packages\django\utils\decorators.py", line 190, in _view_wrapper
    response = view_func(request, *args, **kwargs)
  File "C:\Users\lymuthien\AppData\Local\Programs\Python\Python313\Lib\site-packages\django\contrib\admin\options.py", line 2024, in changelist_view
    cl = self.get_changelist_instance(request)
  File "C:\Users\lymuthien\AppData\Local\Programs\Python\Python313\Lib\site-packages\django\contrib\admin\options.py", line 867, in get_changelist_instance
    return ChangeList(
        request,
    ...<12 lines>...
        self.search_help_text,
    )
  File "C:\Users\lymuthien\AppData\Local\Programs\Python\Python313\Lib\site-packages\django\contrib\admin\views\main.py", line 146, in __init__
    self.get_results(request)
    ~~~~~~~~~~~~~~~~^^^^^^^^^
  File "C:\Users\lymuthien\AppData\Local\Programs\Python\Python313\Lib\site-packages\django\contrib\admin\views\main.py", line 313, in get_results
    result_count = paginator.count
                   ^^^^^^^^^^^^^^^
  File "C:\Users\lymuthien\AppData\Local\Programs\Python\Python313\Lib\site-packages\django\utils\functional.py", line 47, in __get__
    res = instance.__dict__[self.name] = self.func(instance)
                                         ~~~~~~~~~^^^^^^^^^^
  File "C:\Users\lymuthien\AppData\Local\Programs\Python\Python313\Lib\site-packages\django\core\paginator.py", line 110, in count
    return c()
  File "C:\Users\lymuthien\AppData\Local\Programs\Python\Python313\Lib\site-packages\django\db\models\query.py", line 604, in count
    return self.query.get_count(using=self.db)
           ~~~~~~~~~~~~~~~~~~~~^^^^^^^^^^^^^^^
  File "C:\Users\lymuthien\AppData\Local\Programs\Python\Python313\Lib\site-packages\django\db\models\sql\query.py", line 644, in get_count
    return obj.get_aggregation(using, {"__count": Count("*")})["__count"]
           ~~~~~~~~~~~~~~~~~~~^^^^^^^^^^^^^^^^^^^^^^^^^^^^^^^^
  File "C:\Users\lymuthien\AppData\Local\Programs\Python\Python313\Lib\site-packages\django\db\models\sql\query.py", line 626, in get_aggregation
    result = compiler.execute_sql(SINGLE)
  File "C:\Users\lymuthien\AppData\Local\Programs\Python\Python313\Lib\site-packages\django\db\models\sql\compiler.py", line 1623, in execute_sql
    cursor.execute(sql, params)
    ~~~~~~~~~~~~~~^^^^^^^^^^^^^
  File "C:\Users\lymuthien\AppData\Local\Programs\Python\Python313\Lib\site-packages\django\db\backends\utils.py", line 122, in execute
    return super().execute(sql, params)
           ~~~~~~~~~~~~~~~^^^^^^^^^^^^^
  File "C:\Users\lymuthien\AppData\Local\Programs\Python\Python313\Lib\site-packages\django\db\backends\utils.py", line 79, in execute
    return self._execute_with_wrappers(
           ~~~~~~~~~~~~~~~~~~~~~~~~~~~^
        sql, params, many=False, executor=self._execute
        ^^^^^^^^^^^^^^^^^^^^^^^^^^^^^^^^^^^^^^^^^^^^^^^
    )
    ^
  File "C:\Users\lymuthien\AppData\Local\Programs\Python\Python313\Lib\site-packages\django\db\backends\utils.py", line 92, in _execute_with_wrappers
    return executor(sql, params, many, context)
  File "C:\Users\lymuthien\AppData\Local\Programs\Python\Python313\Lib\site-packages\django\db\backends\utils.py", line 100, in _execute
    with self.db.wrap_database_errors:
         ^^^^^^^^^^^^^^^^^^^^^^^^^^^^
  File "C:\Users\lymuthien\AppData\Local\Programs\Python\Python313\Lib\site-packages\django\db\utils.py", line 91, in __exit__
    raise dj_exc_value.with_traceback(traceback) from exc_value
  File "C:\Users\lymuthien\AppData\Local\Programs\Python\Python313\Lib\site-packages\django\db\backends\utils.py", line 105, in _execute
    return self.cursor.execute(sql, params)
           ~~~~~~~~~~~~~~~~~~~^^^^^^^^^^^^^
  File "C:\Users\lymuthien\AppData\Local\Programs\Python\Python313\Lib\site-packages\django\db\backends\sqlite3\base.py", line 360, in execute
    return super().execute(query, params)
           ~~~~~~~~~~~~~~~^^^^^^^^^^^^^^^
django.db.utils.OperationalError: no such table: home_partnercompany
2025-09-11 12:19:05,260 ERROR log Internal Server Error: /admin/home/partnercompany/
Traceback (most recent call last):
  File "C:\Users\lymuthien\AppData\Local\Programs\Python\Python313\Lib\site-packages\django\db\backends\utils.py", line 105, in _execute
    return self.cursor.execute(sql, params)
           ~~~~~~~~~~~~~~~~~~~^^^^^^^^^^^^^
  File "C:\Users\lymuthien\AppData\Local\Programs\Python\Python313\Lib\site-packages\django\db\backends\sqlite3\base.py", line 360, in execute
    return super().execute(query, params)
           ~~~~~~~~~~~~~~~^^^^^^^^^^^^^^^
sqlite3.OperationalError: no such table: home_partnercompany

The above exception was the direct cause of the following exception:

Traceback (most recent call last):
  File "C:\Users\lymuthien\AppData\Local\Programs\Python\Python313\Lib\site-packages\django\core\handlers\exception.py", line 55, in inner
    response = get_response(request)
  File "C:\Users\lymuthien\AppData\Local\Programs\Python\Python313\Lib\site-packages\django\core\handlers\base.py", line 197, in _get_response
    response = wrapped_callback(request, *callback_args, **callback_kwargs)
  File "C:\Users\lymuthien\AppData\Local\Programs\Python\Python313\Lib\site-packages\django\contrib\admin\options.py", line 719, in wrapper
    return self.admin_site.admin_view(view)(*args, **kwargs)
           ~~~~~~~~~~~~~~~~~~~~~~~~~~~~~~~~^^^^^^^^^^^^^^^^^
  File "C:\Users\lymuthien\AppData\Local\Programs\Python\Python313\Lib\site-packages\django\utils\decorators.py", line 192, in _view_wrapper
    result = _process_exception(request, e)
  File "C:\Users\lymuthien\AppData\Local\Programs\Python\Python313\Lib\site-packages\django\utils\decorators.py", line 190, in _view_wrapper
    response = view_func(request, *args, **kwargs)
  File "C:\Users\lymuthien\AppData\Local\Programs\Python\Python313\Lib\site-packages\django\views\decorators\cache.py", line 80, in _view_wrapper
    response = view_func(request, *args, **kwargs)
  File "C:\Users\lymuthien\AppData\Local\Programs\Python\Python313\Lib\site-packages\django\contrib\admin\sites.py", line 246, in inner
    return view(request, *args, **kwargs)
  File "C:\Users\lymuthien\AppData\Local\Programs\Python\Python313\Lib\site-packages\django\utils\decorators.py", line 48, in _wrapper
    return bound_method(*args, **kwargs)
  File "C:\Users\lymuthien\AppData\Local\Programs\Python\Python313\Lib\site-packages\django\utils\decorators.py", line 192, in _view_wrapper
    result = _process_exception(request, e)
  File "C:\Users\lymuthien\AppData\Local\Programs\Python\Python313\Lib\site-packages\django\utils\decorators.py", line 190, in _view_wrapper
    response = view_func(request, *args, **kwargs)
  File "C:\Users\lymuthien\AppData\Local\Programs\Python\Python313\Lib\site-packages\django\contrib\admin\options.py", line 2024, in changelist_view
    cl = self.get_changelist_instance(request)
  File "C:\Users\lymuthien\AppData\Local\Programs\Python\Python313\Lib\site-packages\django\contrib\admin\options.py", line 867, in get_changelist_instance
    return ChangeList(
        request,
    ...<12 lines>...
        self.search_help_text,
    )
  File "C:\Users\lymuthien\AppData\Local\Programs\Python\Python313\Lib\site-packages\django\contrib\admin\views\main.py", line 146, in __init__
    self.get_results(request)
    ~~~~~~~~~~~~~~~~^^^^^^^^^
  File "C:\Users\lymuthien\AppData\Local\Programs\Python\Python313\Lib\site-packages\django\contrib\admin\views\main.py", line 313, in get_results
    result_count = paginator.count
                   ^^^^^^^^^^^^^^^
  File "C:\Users\lymuthien\AppData\Local\Programs\Python\Python313\Lib\site-packages\django\utils\functional.py", line 47, in __get__
    res = instance.__dict__[self.name] = self.func(instance)
                                         ~~~~~~~~~^^^^^^^^^^
  File "C:\Users\lymuthien\AppData\Local\Programs\Python\Python313\Lib\site-packages\django\core\paginator.py", line 110, in count
    return c()
  File "C:\Users\lymuthien\AppData\Local\Programs\Python\Python313\Lib\site-packages\django\db\models\query.py", line 604, in count
    return self.query.get_count(using=self.db)
           ~~~~~~~~~~~~~~~~~~~~^^^^^^^^^^^^^^^
  File "C:\Users\lymuthien\AppData\Local\Programs\Python\Python313\Lib\site-packages\django\db\models\sql\query.py", line 644, in get_count
    return obj.get_aggregation(using, {"__count": Count("*")})["__count"]
           ~~~~~~~~~~~~~~~~~~~^^^^^^^^^^^^^^^^^^^^^^^^^^^^^^^^
  File "C:\Users\lymuthien\AppData\Local\Programs\Python\Python313\Lib\site-packages\django\db\models\sql\query.py", line 626, in get_aggregation
    result = compiler.execute_sql(SINGLE)
  File "C:\Users\lymuthien\AppData\Local\Programs\Python\Python313\Lib\site-packages\django\db\models\sql\compiler.py", line 1623, in execute_sql
    cursor.execute(sql, params)
    ~~~~~~~~~~~~~~^^^^^^^^^^^^^
  File "C:\Users\lymuthien\AppData\Local\Programs\Python\Python313\Lib\site-packages\django\db\backends\utils.py", line 122, in execute
    return super().execute(sql, params)
           ~~~~~~~~~~~~~~~^^^^^^^^^^^^^
  File "C:\Users\lymuthien\AppData\Local\Programs\Python\Python313\Lib\site-packages\django\db\backends\utils.py", line 79, in execute
    return self._execute_with_wrappers(
           ~~~~~~~~~~~~~~~~~~~~~~~~~~~^
        sql, params, many=False, executor=self._execute
        ^^^^^^^^^^^^^^^^^^^^^^^^^^^^^^^^^^^^^^^^^^^^^^^
    )
    ^
  File "C:\Users\lymuthien\AppData\Local\Programs\Python\Python313\Lib\site-packages\django\db\backends\utils.py", line 92, in _execute_with_wrappers
    return executor(sql, params, many, context)
  File "C:\Users\lymuthien\AppData\Local\Programs\Python\Python313\Lib\site-packages\django\db\backends\utils.py", line 100, in _execute
    with self.db.wrap_database_errors:
         ^^^^^^^^^^^^^^^^^^^^^^^^^^^^
  File "C:\Users\lymuthien\AppData\Local\Programs\Python\Python313\Lib\site-packages\django\db\utils.py", line 91, in __exit__
    raise dj_exc_value.with_traceback(traceback) from exc_value
  File "C:\Users\lymuthien\AppData\Local\Programs\Python\Python313\Lib\site-packages\django\db\backends\utils.py", line 105, in _execute
    return self.cursor.execute(sql, params)
           ~~~~~~~~~~~~~~~~~~~^^^^^^^^^^^^^
  File "C:\Users\lymuthien\AppData\Local\Programs\Python\Python313\Lib\site-packages\django\db\backends\sqlite3\base.py", line 360, in execute
    return super().execute(query, params)
           ~~~~~~~~~~~~~~~^^^^^^^^^^^^^^^
django.db.utils.OperationalError: no such table: home_partnercompany
2025-09-11 12:19:27,987 INFO autoreload D:\PythonProjects\BSUIR_IGI_STRWEB\STRWEB\LR1\real_estate_agency\home\models.py changed, reloading.
2025-09-11 12:20:13,865 INFO autoreload Watching for file changes with StatReloader
2025-09-11 12:20:22,503 INFO autoreload D:\PythonProjects\BSUIR_IGI_STRWEB\STRWEB\LR1\real_estate_agency\home\admin.py changed, reloading.
2025-09-11 12:20:23,544 INFO autoreload Watching for file changes with StatReloader
2025-09-11 12:20:26,474 ERROR log Internal Server Error: /admin/home/partner/
Traceback (most recent call last):
  File "C:\Users\lymuthien\AppData\Local\Programs\Python\Python313\Lib\site-packages\django\db\backends\utils.py", line 105, in _execute
    return self.cursor.execute(sql, params)
           ~~~~~~~~~~~~~~~~~~~^^^^^^^^^^^^^
  File "C:\Users\lymuthien\AppData\Local\Programs\Python\Python313\Lib\site-packages\django\db\backends\sqlite3\base.py", line 360, in execute
    return super().execute(query, params)
           ~~~~~~~~~~~~~~~^^^^^^^^^^^^^^^
sqlite3.OperationalError: no such table: home_partner

The above exception was the direct cause of the following exception:

Traceback (most recent call last):
  File "C:\Users\lymuthien\AppData\Local\Programs\Python\Python313\Lib\site-packages\django\core\handlers\exception.py", line 55, in inner
    response = get_response(request)
  File "C:\Users\lymuthien\AppData\Local\Programs\Python\Python313\Lib\site-packages\django\core\handlers\base.py", line 197, in _get_response
    response = wrapped_callback(request, *callback_args, **callback_kwargs)
  File "C:\Users\lymuthien\AppData\Local\Programs\Python\Python313\Lib\site-packages\django\contrib\admin\options.py", line 719, in wrapper
    return self.admin_site.admin_view(view)(*args, **kwargs)
           ~~~~~~~~~~~~~~~~~~~~~~~~~~~~~~~~^^^^^^^^^^^^^^^^^
  File "C:\Users\lymuthien\AppData\Local\Programs\Python\Python313\Lib\site-packages\django\utils\decorators.py", line 192, in _view_wrapper
    result = _process_exception(request, e)
  File "C:\Users\lymuthien\AppData\Local\Programs\Python\Python313\Lib\site-packages\django\utils\decorators.py", line 190, in _view_wrapper
    response = view_func(request, *args, **kwargs)
  File "C:\Users\lymuthien\AppData\Local\Programs\Python\Python313\Lib\site-packages\django\views\decorators\cache.py", line 80, in _view_wrapper
    response = view_func(request, *args, **kwargs)
  File "C:\Users\lymuthien\AppData\Local\Programs\Python\Python313\Lib\site-packages\django\contrib\admin\sites.py", line 246, in inner
    return view(request, *args, **kwargs)
  File "C:\Users\lymuthien\AppData\Local\Programs\Python\Python313\Lib\site-packages\django\utils\decorators.py", line 48, in _wrapper
    return bound_method(*args, **kwargs)
  File "C:\Users\lymuthien\AppData\Local\Programs\Python\Python313\Lib\site-packages\django\utils\decorators.py", line 192, in _view_wrapper
    result = _process_exception(request, e)
  File "C:\Users\lymuthien\AppData\Local\Programs\Python\Python313\Lib\site-packages\django\utils\decorators.py", line 190, in _view_wrapper
    response = view_func(request, *args, **kwargs)
  File "C:\Users\lymuthien\AppData\Local\Programs\Python\Python313\Lib\site-packages\django\contrib\admin\options.py", line 2024, in changelist_view
    cl = self.get_changelist_instance(request)
  File "C:\Users\lymuthien\AppData\Local\Programs\Python\Python313\Lib\site-packages\django\contrib\admin\options.py", line 867, in get_changelist_instance
    return ChangeList(
        request,
    ...<12 lines>...
        self.search_help_text,
    )
  File "C:\Users\lymuthien\AppData\Local\Programs\Python\Python313\Lib\site-packages\django\contrib\admin\views\main.py", line 146, in __init__
    self.get_results(request)
    ~~~~~~~~~~~~~~~~^^^^^^^^^
  File "C:\Users\lymuthien\AppData\Local\Programs\Python\Python313\Lib\site-packages\django\contrib\admin\views\main.py", line 313, in get_results
    result_count = paginator.count
                   ^^^^^^^^^^^^^^^
  File "C:\Users\lymuthien\AppData\Local\Programs\Python\Python313\Lib\site-packages\django\utils\functional.py", line 47, in __get__
    res = instance.__dict__[self.name] = self.func(instance)
                                         ~~~~~~~~~^^^^^^^^^^
  File "C:\Users\lymuthien\AppData\Local\Programs\Python\Python313\Lib\site-packages\django\core\paginator.py", line 110, in count
    return c()
  File "C:\Users\lymuthien\AppData\Local\Programs\Python\Python313\Lib\site-packages\django\db\models\query.py", line 604, in count
    return self.query.get_count(using=self.db)
           ~~~~~~~~~~~~~~~~~~~~^^^^^^^^^^^^^^^
  File "C:\Users\lymuthien\AppData\Local\Programs\Python\Python313\Lib\site-packages\django\db\models\sql\query.py", line 644, in get_count
    return obj.get_aggregation(using, {"__count": Count("*")})["__count"]
           ~~~~~~~~~~~~~~~~~~~^^^^^^^^^^^^^^^^^^^^^^^^^^^^^^^^
  File "C:\Users\lymuthien\AppData\Local\Programs\Python\Python313\Lib\site-packages\django\db\models\sql\query.py", line 626, in get_aggregation
    result = compiler.execute_sql(SINGLE)
  File "C:\Users\lymuthien\AppData\Local\Programs\Python\Python313\Lib\site-packages\django\db\models\sql\compiler.py", line 1623, in execute_sql
    cursor.execute(sql, params)
    ~~~~~~~~~~~~~~^^^^^^^^^^^^^
  File "C:\Users\lymuthien\AppData\Local\Programs\Python\Python313\Lib\site-packages\django\db\backends\utils.py", line 122, in execute
    return super().execute(sql, params)
           ~~~~~~~~~~~~~~~^^^^^^^^^^^^^
  File "C:\Users\lymuthien\AppData\Local\Programs\Python\Python313\Lib\site-packages\django\db\backends\utils.py", line 79, in execute
    return self._execute_with_wrappers(
           ~~~~~~~~~~~~~~~~~~~~~~~~~~~^
        sql, params, many=False, executor=self._execute
        ^^^^^^^^^^^^^^^^^^^^^^^^^^^^^^^^^^^^^^^^^^^^^^^
    )
    ^
  File "C:\Users\lymuthien\AppData\Local\Programs\Python\Python313\Lib\site-packages\django\db\backends\utils.py", line 92, in _execute_with_wrappers
    return executor(sql, params, many, context)
  File "C:\Users\lymuthien\AppData\Local\Programs\Python\Python313\Lib\site-packages\django\db\backends\utils.py", line 100, in _execute
    with self.db.wrap_database_errors:
         ^^^^^^^^^^^^^^^^^^^^^^^^^^^^
  File "C:\Users\lymuthien\AppData\Local\Programs\Python\Python313\Lib\site-packages\django\db\utils.py", line 91, in __exit__
    raise dj_exc_value.with_traceback(traceback) from exc_value
  File "C:\Users\lymuthien\AppData\Local\Programs\Python\Python313\Lib\site-packages\django\db\backends\utils.py", line 105, in _execute
    return self.cursor.execute(sql, params)
           ~~~~~~~~~~~~~~~~~~~^^^^^^^^^^^^^
  File "C:\Users\lymuthien\AppData\Local\Programs\Python\Python313\Lib\site-packages\django\db\backends\sqlite3\base.py", line 360, in execute
    return super().execute(query, params)
           ~~~~~~~~~~~~~~~^^^^^^^^^^^^^^^
django.db.utils.OperationalError: no such table: home_partner
2025-09-11 12:24:33,439 INFO autoreload Watching for file changes with StatReloader
2025-09-11 12:24:34,268 WARNING log Not Found: /admin/home/partnercompany/
2025-09-11 12:24:42,948 WARNING log Not Found: /admin/home/partnercompany/
2025-09-11 12:24:45,549 ERROR log Internal Server Error: /admin/home/policy/
Traceback (most recent call last):
  File "C:\Users\lymuthien\AppData\Local\Programs\Python\Python313\Lib\site-packages\django\db\backends\utils.py", line 105, in _execute
    return self.cursor.execute(sql, params)
           ~~~~~~~~~~~~~~~~~~~^^^^^^^^^^^^^
  File "C:\Users\lymuthien\AppData\Local\Programs\Python\Python313\Lib\site-packages\django\db\backends\sqlite3\base.py", line 360, in execute
    return super().execute(query, params)
           ~~~~~~~~~~~~~~~^^^^^^^^^^^^^^^
sqlite3.OperationalError: no such column: home_policy.text

The above exception was the direct cause of the following exception:

Traceback (most recent call last):
  File "C:\Users\lymuthien\AppData\Local\Programs\Python\Python313\Lib\site-packages\django\core\handlers\exception.py", line 55, in inner
    response = get_response(request)
  File "C:\Users\lymuthien\AppData\Local\Programs\Python\Python313\Lib\site-packages\django\core\handlers\base.py", line 197, in _get_response
    response = wrapped_callback(request, *callback_args, **callback_kwargs)
  File "C:\Users\lymuthien\AppData\Local\Programs\Python\Python313\Lib\site-packages\django\contrib\admin\options.py", line 719, in wrapper
    return self.admin_site.admin_view(view)(*args, **kwargs)
           ~~~~~~~~~~~~~~~~~~~~~~~~~~~~~~~~^^^^^^^^^^^^^^^^^
  File "C:\Users\lymuthien\AppData\Local\Programs\Python\Python313\Lib\site-packages\django\utils\decorators.py", line 192, in _view_wrapper
    result = _process_exception(request, e)
  File "C:\Users\lymuthien\AppData\Local\Programs\Python\Python313\Lib\site-packages\django\utils\decorators.py", line 190, in _view_wrapper
    response = view_func(request, *args, **kwargs)
  File "C:\Users\lymuthien\AppData\Local\Programs\Python\Python313\Lib\site-packages\django\views\decorators\cache.py", line 80, in _view_wrapper
    response = view_func(request, *args, **kwargs)
  File "C:\Users\lymuthien\AppData\Local\Programs\Python\Python313\Lib\site-packages\django\contrib\admin\sites.py", line 246, in inner
    return view(request, *args, **kwargs)
  File "C:\Users\lymuthien\AppData\Local\Programs\Python\Python313\Lib\site-packages\django\utils\decorators.py", line 48, in _wrapper
    return bound_method(*args, **kwargs)
  File "C:\Users\lymuthien\AppData\Local\Programs\Python\Python313\Lib\site-packages\django\utils\decorators.py", line 192, in _view_wrapper
    result = _process_exception(request, e)
  File "C:\Users\lymuthien\AppData\Local\Programs\Python\Python313\Lib\site-packages\django\utils\decorators.py", line 190, in _view_wrapper
    response = view_func(request, *args, **kwargs)
  File "C:\Users\lymuthien\AppData\Local\Programs\Python\Python313\Lib\site-packages\django\contrib\admin\options.py", line 2163, in changelist_view
    "selection_note": _("0 of %(cnt)s selected") % {"cnt": len(cl.result_list)},
                                                           ~~~^^^^^^^^^^^^^^^^
  File "C:\Users\lymuthien\AppData\Local\Programs\Python\Python313\Lib\site-packages\django\db\models\query.py", line 366, in __len__
    self._fetch_all()
    ~~~~~~~~~~~~~~~^^
  File "C:\Users\lymuthien\AppData\Local\Programs\Python\Python313\Lib\site-packages\django\db\models\query.py", line 1949, in _fetch_all
    self._result_cache = list(self._iterable_class(self))
                         ~~~~^^^^^^^^^^^^^^^^^^^^^^^^^^^^
  File "C:\Users\lymuthien\AppData\Local\Programs\Python\Python313\Lib\site-packages\django\db\models\query.py", line 91, in __iter__
    results = compiler.execute_sql(
        chunked_fetch=self.chunked_fetch, chunk_size=self.chunk_size
    )
  File "C:\Users\lymuthien\AppData\Local\Programs\Python\Python313\Lib\site-packages\django\db\models\sql\compiler.py", line 1623, in execute_sql
    cursor.execute(sql, params)
    ~~~~~~~~~~~~~~^^^^^^^^^^^^^
  File "C:\Users\lymuthien\AppData\Local\Programs\Python\Python313\Lib\site-packages\django\db\backends\utils.py", line 122, in execute
    return super().execute(sql, params)
           ~~~~~~~~~~~~~~~^^^^^^^^^^^^^
  File "C:\Users\lymuthien\AppData\Local\Programs\Python\Python313\Lib\site-packages\django\db\backends\utils.py", line 79, in execute
    return self._execute_with_wrappers(
           ~~~~~~~~~~~~~~~~~~~~~~~~~~~^
        sql, params, many=False, executor=self._execute
        ^^^^^^^^^^^^^^^^^^^^^^^^^^^^^^^^^^^^^^^^^^^^^^^
    )
    ^
  File "C:\Users\lymuthien\AppData\Local\Programs\Python\Python313\Lib\site-packages\django\db\backends\utils.py", line 92, in _execute_with_wrappers
    return executor(sql, params, many, context)
  File "C:\Users\lymuthien\AppData\Local\Programs\Python\Python313\Lib\site-packages\django\db\backends\utils.py", line 100, in _execute
    with self.db.wrap_database_errors:
         ^^^^^^^^^^^^^^^^^^^^^^^^^^^^
  File "C:\Users\lymuthien\AppData\Local\Programs\Python\Python313\Lib\site-packages\django\db\utils.py", line 91, in __exit__
    raise dj_exc_value.with_traceback(traceback) from exc_value
  File "C:\Users\lymuthien\AppData\Local\Programs\Python\Python313\Lib\site-packages\django\db\backends\utils.py", line 105, in _execute
    return self.cursor.execute(sql, params)
           ~~~~~~~~~~~~~~~~~~~^^^^^^^^^^^^^
  File "C:\Users\lymuthien\AppData\Local\Programs\Python\Python313\Lib\site-packages\django\db\backends\sqlite3\base.py", line 360, in execute
    return super().execute(query, params)
           ~~~~~~~~~~~~~~~^^^^^^^^^^^^^^^
django.db.utils.OperationalError: no such column: home_policy.text
2025-09-11 12:24:50,733 ERROR log Internal Server Error: /admin/home/policy/
Traceback (most recent call last):
  File "C:\Users\lymuthien\AppData\Local\Programs\Python\Python313\Lib\site-packages\django\db\backends\utils.py", line 105, in _execute
    return self.cursor.execute(sql, params)
           ~~~~~~~~~~~~~~~~~~~^^^^^^^^^^^^^
  File "C:\Users\lymuthien\AppData\Local\Programs\Python\Python313\Lib\site-packages\django\db\backends\sqlite3\base.py", line 360, in execute
    return super().execute(query, params)
           ~~~~~~~~~~~~~~~^^^^^^^^^^^^^^^
sqlite3.OperationalError: no such column: home_policy.text

The above exception was the direct cause of the following exception:

Traceback (most recent call last):
  File "C:\Users\lymuthien\AppData\Local\Programs\Python\Python313\Lib\site-packages\django\core\handlers\exception.py", line 55, in inner
    response = get_response(request)
  File "C:\Users\lymuthien\AppData\Local\Programs\Python\Python313\Lib\site-packages\django\core\handlers\base.py", line 197, in _get_response
    response = wrapped_callback(request, *callback_args, **callback_kwargs)
  File "C:\Users\lymuthien\AppData\Local\Programs\Python\Python313\Lib\site-packages\django\contrib\admin\options.py", line 719, in wrapper
    return self.admin_site.admin_view(view)(*args, **kwargs)
           ~~~~~~~~~~~~~~~~~~~~~~~~~~~~~~~~^^^^^^^^^^^^^^^^^
  File "C:\Users\lymuthien\AppData\Local\Programs\Python\Python313\Lib\site-packages\django\utils\decorators.py", line 192, in _view_wrapper
    result = _process_exception(request, e)
  File "C:\Users\lymuthien\AppData\Local\Programs\Python\Python313\Lib\site-packages\django\utils\decorators.py", line 190, in _view_wrapper
    response = view_func(request, *args, **kwargs)
  File "C:\Users\lymuthien\AppData\Local\Programs\Python\Python313\Lib\site-packages\django\views\decorators\cache.py", line 80, in _view_wrapper
    response = view_func(request, *args, **kwargs)
  File "C:\Users\lymuthien\AppData\Local\Programs\Python\Python313\Lib\site-packages\django\contrib\admin\sites.py", line 246, in inner
    return view(request, *args, **kwargs)
  File "C:\Users\lymuthien\AppData\Local\Programs\Python\Python313\Lib\site-packages\django\utils\decorators.py", line 48, in _wrapper
    return bound_method(*args, **kwargs)
  File "C:\Users\lymuthien\AppData\Local\Programs\Python\Python313\Lib\site-packages\django\utils\decorators.py", line 192, in _view_wrapper
    result = _process_exception(request, e)
  File "C:\Users\lymuthien\AppData\Local\Programs\Python\Python313\Lib\site-packages\django\utils\decorators.py", line 190, in _view_wrapper
    response = view_func(request, *args, **kwargs)
  File "C:\Users\lymuthien\AppData\Local\Programs\Python\Python313\Lib\site-packages\django\contrib\admin\options.py", line 2163, in changelist_view
    "selection_note": _("0 of %(cnt)s selected") % {"cnt": len(cl.result_list)},
                                                           ~~~^^^^^^^^^^^^^^^^
  File "C:\Users\lymuthien\AppData\Local\Programs\Python\Python313\Lib\site-packages\django\db\models\query.py", line 366, in __len__
    self._fetch_all()
    ~~~~~~~~~~~~~~~^^
  File "C:\Users\lymuthien\AppData\Local\Programs\Python\Python313\Lib\site-packages\django\db\models\query.py", line 1949, in _fetch_all
    self._result_cache = list(self._iterable_class(self))
                         ~~~~^^^^^^^^^^^^^^^^^^^^^^^^^^^^
  File "C:\Users\lymuthien\AppData\Local\Programs\Python\Python313\Lib\site-packages\django\db\models\query.py", line 91, in __iter__
    results = compiler.execute_sql(
        chunked_fetch=self.chunked_fetch, chunk_size=self.chunk_size
    )
  File "C:\Users\lymuthien\AppData\Local\Programs\Python\Python313\Lib\site-packages\django\db\models\sql\compiler.py", line 1623, in execute_sql
    cursor.execute(sql, params)
    ~~~~~~~~~~~~~~^^^^^^^^^^^^^
  File "C:\Users\lymuthien\AppData\Local\Programs\Python\Python313\Lib\site-packages\django\db\backends\utils.py", line 122, in execute
    return super().execute(sql, params)
           ~~~~~~~~~~~~~~~^^^^^^^^^^^^^
  File "C:\Users\lymuthien\AppData\Local\Programs\Python\Python313\Lib\site-packages\django\db\backends\utils.py", line 79, in execute
    return self._execute_with_wrappers(
           ~~~~~~~~~~~~~~~~~~~~~~~~~~~^
        sql, params, many=False, executor=self._execute
        ^^^^^^^^^^^^^^^^^^^^^^^^^^^^^^^^^^^^^^^^^^^^^^^
    )
    ^
  File "C:\Users\lymuthien\AppData\Local\Programs\Python\Python313\Lib\site-packages\django\db\backends\utils.py", line 92, in _execute_with_wrappers
    return executor(sql, params, many, context)
  File "C:\Users\lymuthien\AppData\Local\Programs\Python\Python313\Lib\site-packages\django\db\backends\utils.py", line 100, in _execute
    with self.db.wrap_database_errors:
         ^^^^^^^^^^^^^^^^^^^^^^^^^^^^
  File "C:\Users\lymuthien\AppData\Local\Programs\Python\Python313\Lib\site-packages\django\db\utils.py", line 91, in __exit__
    raise dj_exc_value.with_traceback(traceback) from exc_value
  File "C:\Users\lymuthien\AppData\Local\Programs\Python\Python313\Lib\site-packages\django\db\backends\utils.py", line 105, in _execute
    return self.cursor.execute(sql, params)
           ~~~~~~~~~~~~~~~~~~~^^^^^^^^^^^^^
  File "C:\Users\lymuthien\AppData\Local\Programs\Python\Python313\Lib\site-packages\django\db\backends\sqlite3\base.py", line 360, in execute
    return super().execute(query, params)
           ~~~~~~~~~~~~~~~^^^^^^^^^^^^^^^
django.db.utils.OperationalError: no such column: home_policy.text
2025-09-11 12:24:55,176 ERROR log Internal Server Error: /admin/home/policy/
Traceback (most recent call last):
  File "C:\Users\lymuthien\AppData\Local\Programs\Python\Python313\Lib\site-packages\django\db\backends\utils.py", line 105, in _execute
    return self.cursor.execute(sql, params)
           ~~~~~~~~~~~~~~~~~~~^^^^^^^^^^^^^
  File "C:\Users\lymuthien\AppData\Local\Programs\Python\Python313\Lib\site-packages\django\db\backends\sqlite3\base.py", line 360, in execute
    return super().execute(query, params)
           ~~~~~~~~~~~~~~~^^^^^^^^^^^^^^^
sqlite3.OperationalError: no such column: home_policy.text

The above exception was the direct cause of the following exception:

Traceback (most recent call last):
  File "C:\Users\lymuthien\AppData\Local\Programs\Python\Python313\Lib\site-packages\django\core\handlers\exception.py", line 55, in inner
    response = get_response(request)
  File "C:\Users\lymuthien\AppData\Local\Programs\Python\Python313\Lib\site-packages\django\core\handlers\base.py", line 197, in _get_response
    response = wrapped_callback(request, *callback_args, **callback_kwargs)
  File "C:\Users\lymuthien\AppData\Local\Programs\Python\Python313\Lib\site-packages\django\contrib\admin\options.py", line 719, in wrapper
    return self.admin_site.admin_view(view)(*args, **kwargs)
           ~~~~~~~~~~~~~~~~~~~~~~~~~~~~~~~~^^^^^^^^^^^^^^^^^
  File "C:\Users\lymuthien\AppData\Local\Programs\Python\Python313\Lib\site-packages\django\utils\decorators.py", line 192, in _view_wrapper
    result = _process_exception(request, e)
  File "C:\Users\lymuthien\AppData\Local\Programs\Python\Python313\Lib\site-packages\django\utils\decorators.py", line 190, in _view_wrapper
    response = view_func(request, *args, **kwargs)
  File "C:\Users\lymuthien\AppData\Local\Programs\Python\Python313\Lib\site-packages\django\views\decorators\cache.py", line 80, in _view_wrapper
    response = view_func(request, *args, **kwargs)
  File "C:\Users\lymuthien\AppData\Local\Programs\Python\Python313\Lib\site-packages\django\contrib\admin\sites.py", line 246, in inner
    return view(request, *args, **kwargs)
  File "C:\Users\lymuthien\AppData\Local\Programs\Python\Python313\Lib\site-packages\django\utils\decorators.py", line 48, in _wrapper
    return bound_method(*args, **kwargs)
  File "C:\Users\lymuthien\AppData\Local\Programs\Python\Python313\Lib\site-packages\django\utils\decorators.py", line 192, in _view_wrapper
    result = _process_exception(request, e)
  File "C:\Users\lymuthien\AppData\Local\Programs\Python\Python313\Lib\site-packages\django\utils\decorators.py", line 190, in _view_wrapper
    response = view_func(request, *args, **kwargs)
  File "C:\Users\lymuthien\AppData\Local\Programs\Python\Python313\Lib\site-packages\django\contrib\admin\options.py", line 2163, in changelist_view
    "selection_note": _("0 of %(cnt)s selected") % {"cnt": len(cl.result_list)},
                                                           ~~~^^^^^^^^^^^^^^^^
  File "C:\Users\lymuthien\AppData\Local\Programs\Python\Python313\Lib\site-packages\django\db\models\query.py", line 366, in __len__
    self._fetch_all()
    ~~~~~~~~~~~~~~~^^
  File "C:\Users\lymuthien\AppData\Local\Programs\Python\Python313\Lib\site-packages\django\db\models\query.py", line 1949, in _fetch_all
    self._result_cache = list(self._iterable_class(self))
                         ~~~~^^^^^^^^^^^^^^^^^^^^^^^^^^^^
  File "C:\Users\lymuthien\AppData\Local\Programs\Python\Python313\Lib\site-packages\django\db\models\query.py", line 91, in __iter__
    results = compiler.execute_sql(
        chunked_fetch=self.chunked_fetch, chunk_size=self.chunk_size
    )
  File "C:\Users\lymuthien\AppData\Local\Programs\Python\Python313\Lib\site-packages\django\db\models\sql\compiler.py", line 1623, in execute_sql
    cursor.execute(sql, params)
    ~~~~~~~~~~~~~~^^^^^^^^^^^^^
  File "C:\Users\lymuthien\AppData\Local\Programs\Python\Python313\Lib\site-packages\django\db\backends\utils.py", line 122, in execute
    return super().execute(sql, params)
           ~~~~~~~~~~~~~~~^^^^^^^^^^^^^
  File "C:\Users\lymuthien\AppData\Local\Programs\Python\Python313\Lib\site-packages\django\db\backends\utils.py", line 79, in execute
    return self._execute_with_wrappers(
           ~~~~~~~~~~~~~~~~~~~~~~~~~~~^
        sql, params, many=False, executor=self._execute
        ^^^^^^^^^^^^^^^^^^^^^^^^^^^^^^^^^^^^^^^^^^^^^^^
    )
    ^
  File "C:\Users\lymuthien\AppData\Local\Programs\Python\Python313\Lib\site-packages\django\db\backends\utils.py", line 92, in _execute_with_wrappers
    return executor(sql, params, many, context)
  File "C:\Users\lymuthien\AppData\Local\Programs\Python\Python313\Lib\site-packages\django\db\backends\utils.py", line 100, in _execute
    with self.db.wrap_database_errors:
         ^^^^^^^^^^^^^^^^^^^^^^^^^^^^
  File "C:\Users\lymuthien\AppData\Local\Programs\Python\Python313\Lib\site-packages\django\db\utils.py", line 91, in __exit__
    raise dj_exc_value.with_traceback(traceback) from exc_value
  File "C:\Users\lymuthien\AppData\Local\Programs\Python\Python313\Lib\site-packages\django\db\backends\utils.py", line 105, in _execute
    return self.cursor.execute(sql, params)
           ~~~~~~~~~~~~~~~~~~~^^^^^^^^^^^^^
  File "C:\Users\lymuthien\AppData\Local\Programs\Python\Python313\Lib\site-packages\django\db\backends\sqlite3\base.py", line 360, in execute
    return super().execute(query, params)
           ~~~~~~~~~~~~~~~^^^^^^^^^^^^^^^
django.db.utils.OperationalError: no such column: home_policy.text
2025-09-11 12:25:01,351 ERROR log Internal Server Error: /home/policy/
Traceback (most recent call last):
  File "C:\Users\lymuthien\AppData\Local\Programs\Python\Python313\Lib\site-packages\django\db\backends\utils.py", line 105, in _execute
    return self.cursor.execute(sql, params)
           ~~~~~~~~~~~~~~~~~~~^^^^^^^^^^^^^
  File "C:\Users\lymuthien\AppData\Local\Programs\Python\Python313\Lib\site-packages\django\db\backends\sqlite3\base.py", line 360, in execute
    return super().execute(query, params)
           ~~~~~~~~~~~~~~~^^^^^^^^^^^^^^^
sqlite3.OperationalError: no such column: home_policy.text

The above exception was the direct cause of the following exception:

Traceback (most recent call last):
  File "C:\Users\lymuthien\AppData\Local\Programs\Python\Python313\Lib\site-packages\django\core\handlers\exception.py", line 55, in inner
    response = get_response(request)
  File "C:\Users\lymuthien\AppData\Local\Programs\Python\Python313\Lib\site-packages\django\core\handlers\base.py", line 220, in _get_response
    response = response.render()
  File "C:\Users\lymuthien\AppData\Local\Programs\Python\Python313\Lib\site-packages\django\template\response.py", line 114, in render
    self.content = self.rendered_content
                   ^^^^^^^^^^^^^^^^^^^^^
  File "C:\Users\lymuthien\AppData\Local\Programs\Python\Python313\Lib\site-packages\django\template\response.py", line 92, in rendered_content
    return template.render(context, self._request)
           ~~~~~~~~~~~~~~~^^^^^^^^^^^^^^^^^^^^^^^^
  File "C:\Users\lymuthien\AppData\Local\Programs\Python\Python313\Lib\site-packages\django\template\backends\django.py", line 107, in render
    return self.template.render(context)
           ~~~~~~~~~~~~~~~~~~~~^^^^^^^^^
  File "C:\Users\lymuthien\AppData\Local\Programs\Python\Python313\Lib\site-packages\django\template\base.py", line 171, in render
    return self._render(context)
           ~~~~~~~~~~~~^^^^^^^^^
  File "C:\Users\lymuthien\AppData\Local\Programs\Python\Python313\Lib\site-packages\django\template\base.py", line 163, in _render
    return self.nodelist.render(context)
           ~~~~~~~~~~~~~~~~~~~~^^^^^^^^^
  File "C:\Users\lymuthien\AppData\Local\Programs\Python\Python313\Lib\site-packages\django\template\base.py", line 1016, in render
    return SafeString("".join([node.render_annotated(context) for node in self]))
                               ~~~~~~~~~~~~~~~~~~~~~^^^^^^^^^
  File "C:\Users\lymuthien\AppData\Local\Programs\Python\Python313\Lib\site-packages\django\template\base.py", line 977, in render_annotated
    return self.render(context)
           ~~~~~~~~~~~^^^^^^^^^
  File "C:\Users\lymuthien\AppData\Local\Programs\Python\Python313\Lib\site-packages\django\template\loader_tags.py", line 159, in render
    return compiled_parent._render(context)
           ~~~~~~~~~~~~~~~~~~~~~~~^^^^^^^^^
  File "C:\Users\lymuthien\AppData\Local\Programs\Python\Python313\Lib\site-packages\django\template\base.py", line 163, in _render
    return self.nodelist.render(context)
           ~~~~~~~~~~~~~~~~~~~~^^^^^^^^^
  File "C:\Users\lymuthien\AppData\Local\Programs\Python\Python313\Lib\site-packages\django\template\base.py", line 1016, in render
    return SafeString("".join([node.render_annotated(context) for node in self]))
                               ~~~~~~~~~~~~~~~~~~~~~^^^^^^^^^
  File "C:\Users\lymuthien\AppData\Local\Programs\Python\Python313\Lib\site-packages\django\template\base.py", line 977, in render_annotated
    return self.render(context)
           ~~~~~~~~~~~^^^^^^^^^
  File "C:\Users\lymuthien\AppData\Local\Programs\Python\Python313\Lib\site-packages\django\template\loader_tags.py", line 65, in render
    result = block.nodelist.render(context)
  File "C:\Users\lymuthien\AppData\Local\Programs\Python\Python313\Lib\site-packages\django\template\base.py", line 1016, in render
    return SafeString("".join([node.render_annotated(context) for node in self]))
                               ~~~~~~~~~~~~~~~~~~~~~^^^^^^^^^
  File "C:\Users\lymuthien\AppData\Local\Programs\Python\Python313\Lib\site-packages\django\template\base.py", line 977, in render_annotated
    return self.render(context)
           ~~~~~~~~~~~^^^^^^^^^
  File "C:\Users\lymuthien\AppData\Local\Programs\Python\Python313\Lib\site-packages\django\template\defaulttags.py", line 199, in render
    len_values = len(values)
  File "C:\Users\lymuthien\AppData\Local\Programs\Python\Python313\Lib\site-packages\django\db\models\query.py", line 366, in __len__
    self._fetch_all()
    ~~~~~~~~~~~~~~~^^
  File "C:\Users\lymuthien\AppData\Local\Programs\Python\Python313\Lib\site-packages\django\db\models\query.py", line 1949, in _fetch_all
    self._result_cache = list(self._iterable_class(self))
                         ~~~~^^^^^^^^^^^^^^^^^^^^^^^^^^^^
  File "C:\Users\lymuthien\AppData\Local\Programs\Python\Python313\Lib\site-packages\django\db\models\query.py", line 91, in __iter__
    results = compiler.execute_sql(
        chunked_fetch=self.chunked_fetch, chunk_size=self.chunk_size
    )
  File "C:\Users\lymuthien\AppData\Local\Programs\Python\Python313\Lib\site-packages\django\db\models\sql\compiler.py", line 1623, in execute_sql
    cursor.execute(sql, params)
    ~~~~~~~~~~~~~~^^^^^^^^^^^^^
  File "C:\Users\lymuthien\AppData\Local\Programs\Python\Python313\Lib\site-packages\django\db\backends\utils.py", line 122, in execute
    return super().execute(sql, params)
           ~~~~~~~~~~~~~~~^^^^^^^^^^^^^
  File "C:\Users\lymuthien\AppData\Local\Programs\Python\Python313\Lib\site-packages\django\db\backends\utils.py", line 79, in execute
    return self._execute_with_wrappers(
           ~~~~~~~~~~~~~~~~~~~~~~~~~~~^
        sql, params, many=False, executor=self._execute
        ^^^^^^^^^^^^^^^^^^^^^^^^^^^^^^^^^^^^^^^^^^^^^^^
    )
    ^
  File "C:\Users\lymuthien\AppData\Local\Programs\Python\Python313\Lib\site-packages\django\db\backends\utils.py", line 92, in _execute_with_wrappers
    return executor(sql, params, many, context)
  File "C:\Users\lymuthien\AppData\Local\Programs\Python\Python313\Lib\site-packages\django\db\backends\utils.py", line 100, in _execute
    with self.db.wrap_database_errors:
         ^^^^^^^^^^^^^^^^^^^^^^^^^^^^
  File "C:\Users\lymuthien\AppData\Local\Programs\Python\Python313\Lib\site-packages\django\db\utils.py", line 91, in __exit__
    raise dj_exc_value.with_traceback(traceback) from exc_value
  File "C:\Users\lymuthien\AppData\Local\Programs\Python\Python313\Lib\site-packages\django\db\backends\utils.py", line 105, in _execute
    return self.cursor.execute(sql, params)
           ~~~~~~~~~~~~~~~~~~~^^^^^^^^^^^^^
  File "C:\Users\lymuthien\AppData\Local\Programs\Python\Python313\Lib\site-packages\django\db\backends\sqlite3\base.py", line 360, in execute
    return super().execute(query, params)
           ~~~~~~~~~~~~~~~^^^^^^^^^^^^^^^
django.db.utils.OperationalError: no such column: home_policy.text
2025-09-11 12:26:23,233 INFO autoreload Watching for file changes with StatReloader
2025-09-11 12:27:41,043 INFO views ServiceListView queryset prepared
2025-09-11 12:27:44,350 INFO views AvailableEstateListView queryset prepared
2025-09-11 12:28:16,810 INFO autoreload D:\PythonProjects\BSUIR_IGI_STRWEB\STRWEB\LR1\real_estate_agency\home\admin.py changed, reloading.
2025-09-11 12:28:17,788 INFO autoreload Watching for file changes with StatReloader
2025-09-11 12:28:21,486 ERROR log Internal Server Error: /admin/home/partnercompany/
Traceback (most recent call last):
  File "C:\Users\lymuthien\AppData\Local\Programs\Python\Python313\Lib\site-packages\django\db\backends\utils.py", line 105, in _execute
    return self.cursor.execute(sql, params)
           ~~~~~~~~~~~~~~~~~~~^^^^^^^^^^^^^
  File "C:\Users\lymuthien\AppData\Local\Programs\Python\Python313\Lib\site-packages\django\db\backends\sqlite3\base.py", line 360, in execute
    return super().execute(query, params)
           ~~~~~~~~~~~~~~~^^^^^^^^^^^^^^^
sqlite3.OperationalError: no such table: home_partnercompany

The above exception was the direct cause of the following exception:

Traceback (most recent call last):
  File "C:\Users\lymuthien\AppData\Local\Programs\Python\Python313\Lib\site-packages\django\core\handlers\exception.py", line 55, in inner
    response = get_response(request)
  File "C:\Users\lymuthien\AppData\Local\Programs\Python\Python313\Lib\site-packages\django\core\handlers\base.py", line 197, in _get_response
    response = wrapped_callback(request, *callback_args, **callback_kwargs)
  File "C:\Users\lymuthien\AppData\Local\Programs\Python\Python313\Lib\site-packages\django\contrib\admin\options.py", line 719, in wrapper
    return self.admin_site.admin_view(view)(*args, **kwargs)
           ~~~~~~~~~~~~~~~~~~~~~~~~~~~~~~~~^^^^^^^^^^^^^^^^^
  File "C:\Users\lymuthien\AppData\Local\Programs\Python\Python313\Lib\site-packages\django\utils\decorators.py", line 192, in _view_wrapper
    result = _process_exception(request, e)
  File "C:\Users\lymuthien\AppData\Local\Programs\Python\Python313\Lib\site-packages\django\utils\decorators.py", line 190, in _view_wrapper
    response = view_func(request, *args, **kwargs)
  File "C:\Users\lymuthien\AppData\Local\Programs\Python\Python313\Lib\site-packages\django\views\decorators\cache.py", line 80, in _view_wrapper
    response = view_func(request, *args, **kwargs)
  File "C:\Users\lymuthien\AppData\Local\Programs\Python\Python313\Lib\site-packages\django\contrib\admin\sites.py", line 246, in inner
    return view(request, *args, **kwargs)
  File "C:\Users\lymuthien\AppData\Local\Programs\Python\Python313\Lib\site-packages\django\utils\decorators.py", line 48, in _wrapper
    return bound_method(*args, **kwargs)
  File "C:\Users\lymuthien\AppData\Local\Programs\Python\Python313\Lib\site-packages\django\utils\decorators.py", line 192, in _view_wrapper
    result = _process_exception(request, e)
  File "C:\Users\lymuthien\AppData\Local\Programs\Python\Python313\Lib\site-packages\django\utils\decorators.py", line 190, in _view_wrapper
    response = view_func(request, *args, **kwargs)
  File "C:\Users\lymuthien\AppData\Local\Programs\Python\Python313\Lib\site-packages\django\contrib\admin\options.py", line 2024, in changelist_view
    cl = self.get_changelist_instance(request)
  File "C:\Users\lymuthien\AppData\Local\Programs\Python\Python313\Lib\site-packages\django\contrib\admin\options.py", line 867, in get_changelist_instance
    return ChangeList(
        request,
    ...<12 lines>...
        self.search_help_text,
    )
  File "C:\Users\lymuthien\AppData\Local\Programs\Python\Python313\Lib\site-packages\django\contrib\admin\views\main.py", line 146, in __init__
    self.get_results(request)
    ~~~~~~~~~~~~~~~~^^^^^^^^^
  File "C:\Users\lymuthien\AppData\Local\Programs\Python\Python313\Lib\site-packages\django\contrib\admin\views\main.py", line 313, in get_results
    result_count = paginator.count
                   ^^^^^^^^^^^^^^^
  File "C:\Users\lymuthien\AppData\Local\Programs\Python\Python313\Lib\site-packages\django\utils\functional.py", line 47, in __get__
    res = instance.__dict__[self.name] = self.func(instance)
                                         ~~~~~~~~~^^^^^^^^^^
  File "C:\Users\lymuthien\AppData\Local\Programs\Python\Python313\Lib\site-packages\django\core\paginator.py", line 110, in count
    return c()
  File "C:\Users\lymuthien\AppData\Local\Programs\Python\Python313\Lib\site-packages\django\db\models\query.py", line 604, in count
    return self.query.get_count(using=self.db)
           ~~~~~~~~~~~~~~~~~~~~^^^^^^^^^^^^^^^
  File "C:\Users\lymuthien\AppData\Local\Programs\Python\Python313\Lib\site-packages\django\db\models\sql\query.py", line 644, in get_count
    return obj.get_aggregation(using, {"__count": Count("*")})["__count"]
           ~~~~~~~~~~~~~~~~~~~^^^^^^^^^^^^^^^^^^^^^^^^^^^^^^^^
  File "C:\Users\lymuthien\AppData\Local\Programs\Python\Python313\Lib\site-packages\django\db\models\sql\query.py", line 626, in get_aggregation
    result = compiler.execute_sql(SINGLE)
  File "C:\Users\lymuthien\AppData\Local\Programs\Python\Python313\Lib\site-packages\django\db\models\sql\compiler.py", line 1623, in execute_sql
    cursor.execute(sql, params)
    ~~~~~~~~~~~~~~^^^^^^^^^^^^^
  File "C:\Users\lymuthien\AppData\Local\Programs\Python\Python313\Lib\site-packages\django\db\backends\utils.py", line 122, in execute
    return super().execute(sql, params)
           ~~~~~~~~~~~~~~~^^^^^^^^^^^^^
  File "C:\Users\lymuthien\AppData\Local\Programs\Python\Python313\Lib\site-packages\django\db\backends\utils.py", line 79, in execute
    return self._execute_with_wrappers(
           ~~~~~~~~~~~~~~~~~~~~~~~~~~~^
        sql, params, many=False, executor=self._execute
        ^^^^^^^^^^^^^^^^^^^^^^^^^^^^^^^^^^^^^^^^^^^^^^^
    )
    ^
  File "C:\Users\lymuthien\AppData\Local\Programs\Python\Python313\Lib\site-packages\django\db\backends\utils.py", line 92, in _execute_with_wrappers
    return executor(sql, params, many, context)
  File "C:\Users\lymuthien\AppData\Local\Programs\Python\Python313\Lib\site-packages\django\db\backends\utils.py", line 100, in _execute
    with self.db.wrap_database_errors:
         ^^^^^^^^^^^^^^^^^^^^^^^^^^^^
  File "C:\Users\lymuthien\AppData\Local\Programs\Python\Python313\Lib\site-packages\django\db\utils.py", line 91, in __exit__
    raise dj_exc_value.with_traceback(traceback) from exc_value
  File "C:\Users\lymuthien\AppData\Local\Programs\Python\Python313\Lib\site-packages\django\db\backends\utils.py", line 105, in _execute
    return self.cursor.execute(sql, params)
           ~~~~~~~~~~~~~~~~~~~^^^^^^^^^^^^^
  File "C:\Users\lymuthien\AppData\Local\Programs\Python\Python313\Lib\site-packages\django\db\backends\sqlite3\base.py", line 360, in execute
    return super().execute(query, params)
           ~~~~~~~~~~~~~~~^^^^^^^^^^^^^^^
django.db.utils.OperationalError: no such table: home_partnercompany
2025-09-11 12:28:47,320 INFO autoreload Watching for file changes with StatReloader
2025-09-11 12:28:49,888 ERROR log Internal Server Error: /admin/home/partnercompany/
Traceback (most recent call last):
  File "C:\Users\lymuthien\AppData\Local\Programs\Python\Python313\Lib\site-packages\django\db\backends\utils.py", line 105, in _execute
    return self.cursor.execute(sql, params)
           ~~~~~~~~~~~~~~~~~~~^^^^^^^^^^^^^
  File "C:\Users\lymuthien\AppData\Local\Programs\Python\Python313\Lib\site-packages\django\db\backends\sqlite3\base.py", line 360, in execute
    return super().execute(query, params)
           ~~~~~~~~~~~~~~~^^^^^^^^^^^^^^^
sqlite3.OperationalError: no such table: home_partnercompany

The above exception was the direct cause of the following exception:

Traceback (most recent call last):
  File "C:\Users\lymuthien\AppData\Local\Programs\Python\Python313\Lib\site-packages\django\core\handlers\exception.py", line 55, in inner
    response = get_response(request)
  File "C:\Users\lymuthien\AppData\Local\Programs\Python\Python313\Lib\site-packages\django\core\handlers\base.py", line 197, in _get_response
    response = wrapped_callback(request, *callback_args, **callback_kwargs)
  File "C:\Users\lymuthien\AppData\Local\Programs\Python\Python313\Lib\site-packages\django\contrib\admin\options.py", line 719, in wrapper
    return self.admin_site.admin_view(view)(*args, **kwargs)
           ~~~~~~~~~~~~~~~~~~~~~~~~~~~~~~~~^^^^^^^^^^^^^^^^^
  File "C:\Users\lymuthien\AppData\Local\Programs\Python\Python313\Lib\site-packages\django\utils\decorators.py", line 192, in _view_wrapper
    result = _process_exception(request, e)
  File "C:\Users\lymuthien\AppData\Local\Programs\Python\Python313\Lib\site-packages\django\utils\decorators.py", line 190, in _view_wrapper
    response = view_func(request, *args, **kwargs)
  File "C:\Users\lymuthien\AppData\Local\Programs\Python\Python313\Lib\site-packages\django\views\decorators\cache.py", line 80, in _view_wrapper
    response = view_func(request, *args, **kwargs)
  File "C:\Users\lymuthien\AppData\Local\Programs\Python\Python313\Lib\site-packages\django\contrib\admin\sites.py", line 246, in inner
    return view(request, *args, **kwargs)
  File "C:\Users\lymuthien\AppData\Local\Programs\Python\Python313\Lib\site-packages\django\utils\decorators.py", line 48, in _wrapper
    return bound_method(*args, **kwargs)
  File "C:\Users\lymuthien\AppData\Local\Programs\Python\Python313\Lib\site-packages\django\utils\decorators.py", line 192, in _view_wrapper
    result = _process_exception(request, e)
  File "C:\Users\lymuthien\AppData\Local\Programs\Python\Python313\Lib\site-packages\django\utils\decorators.py", line 190, in _view_wrapper
    response = view_func(request, *args, **kwargs)
  File "C:\Users\lymuthien\AppData\Local\Programs\Python\Python313\Lib\site-packages\django\contrib\admin\options.py", line 2024, in changelist_view
    cl = self.get_changelist_instance(request)
  File "C:\Users\lymuthien\AppData\Local\Programs\Python\Python313\Lib\site-packages\django\contrib\admin\options.py", line 867, in get_changelist_instance
    return ChangeList(
        request,
    ...<12 lines>...
        self.search_help_text,
    )
  File "C:\Users\lymuthien\AppData\Local\Programs\Python\Python313\Lib\site-packages\django\contrib\admin\views\main.py", line 146, in __init__
    self.get_results(request)
    ~~~~~~~~~~~~~~~~^^^^^^^^^
  File "C:\Users\lymuthien\AppData\Local\Programs\Python\Python313\Lib\site-packages\django\contrib\admin\views\main.py", line 313, in get_results
    result_count = paginator.count
                   ^^^^^^^^^^^^^^^
  File "C:\Users\lymuthien\AppData\Local\Programs\Python\Python313\Lib\site-packages\django\utils\functional.py", line 47, in __get__
    res = instance.__dict__[self.name] = self.func(instance)
                                         ~~~~~~~~~^^^^^^^^^^
  File "C:\Users\lymuthien\AppData\Local\Programs\Python\Python313\Lib\site-packages\django\core\paginator.py", line 110, in count
    return c()
  File "C:\Users\lymuthien\AppData\Local\Programs\Python\Python313\Lib\site-packages\django\db\models\query.py", line 604, in count
    return self.query.get_count(using=self.db)
           ~~~~~~~~~~~~~~~~~~~~^^^^^^^^^^^^^^^
  File "C:\Users\lymuthien\AppData\Local\Programs\Python\Python313\Lib\site-packages\django\db\models\sql\query.py", line 644, in get_count
    return obj.get_aggregation(using, {"__count": Count("*")})["__count"]
           ~~~~~~~~~~~~~~~~~~~^^^^^^^^^^^^^^^^^^^^^^^^^^^^^^^^
  File "C:\Users\lymuthien\AppData\Local\Programs\Python\Python313\Lib\site-packages\django\db\models\sql\query.py", line 626, in get_aggregation
    result = compiler.execute_sql(SINGLE)
  File "C:\Users\lymuthien\AppData\Local\Programs\Python\Python313\Lib\site-packages\django\db\models\sql\compiler.py", line 1623, in execute_sql
    cursor.execute(sql, params)
    ~~~~~~~~~~~~~~^^^^^^^^^^^^^
  File "C:\Users\lymuthien\AppData\Local\Programs\Python\Python313\Lib\site-packages\django\db\backends\utils.py", line 122, in execute
    return super().execute(sql, params)
           ~~~~~~~~~~~~~~~^^^^^^^^^^^^^
  File "C:\Users\lymuthien\AppData\Local\Programs\Python\Python313\Lib\site-packages\django\db\backends\utils.py", line 79, in execute
    return self._execute_with_wrappers(
           ~~~~~~~~~~~~~~~~~~~~~~~~~~~^
        sql, params, many=False, executor=self._execute
        ^^^^^^^^^^^^^^^^^^^^^^^^^^^^^^^^^^^^^^^^^^^^^^^
    )
    ^
  File "C:\Users\lymuthien\AppData\Local\Programs\Python\Python313\Lib\site-packages\django\db\backends\utils.py", line 92, in _execute_with_wrappers
    return executor(sql, params, many, context)
  File "C:\Users\lymuthien\AppData\Local\Programs\Python\Python313\Lib\site-packages\django\db\backends\utils.py", line 100, in _execute
    with self.db.wrap_database_errors:
         ^^^^^^^^^^^^^^^^^^^^^^^^^^^^
  File "C:\Users\lymuthien\AppData\Local\Programs\Python\Python313\Lib\site-packages\django\db\utils.py", line 91, in __exit__
    raise dj_exc_value.with_traceback(traceback) from exc_value
  File "C:\Users\lymuthien\AppData\Local\Programs\Python\Python313\Lib\site-packages\django\db\backends\utils.py", line 105, in _execute
    return self.cursor.execute(sql, params)
           ~~~~~~~~~~~~~~~~~~~^^^^^^^^^^^^^
  File "C:\Users\lymuthien\AppData\Local\Programs\Python\Python313\Lib\site-packages\django\db\backends\sqlite3\base.py", line 360, in execute
    return super().execute(query, params)
           ~~~~~~~~~~~~~~~^^^^^^^^^^^^^^^
django.db.utils.OperationalError: no such table: home_partnercompany
2025-09-11 12:28:53,753 ERROR log Internal Server Error: /admin/home/partnercompany/
Traceback (most recent call last):
  File "C:\Users\lymuthien\AppData\Local\Programs\Python\Python313\Lib\site-packages\django\db\backends\utils.py", line 105, in _execute
    return self.cursor.execute(sql, params)
           ~~~~~~~~~~~~~~~~~~~^^^^^^^^^^^^^
  File "C:\Users\lymuthien\AppData\Local\Programs\Python\Python313\Lib\site-packages\django\db\backends\sqlite3\base.py", line 360, in execute
    return super().execute(query, params)
           ~~~~~~~~~~~~~~~^^^^^^^^^^^^^^^
sqlite3.OperationalError: no such table: home_partnercompany

The above exception was the direct cause of the following exception:

Traceback (most recent call last):
  File "C:\Users\lymuthien\AppData\Local\Programs\Python\Python313\Lib\site-packages\django\core\handlers\exception.py", line 55, in inner
    response = get_response(request)
  File "C:\Users\lymuthien\AppData\Local\Programs\Python\Python313\Lib\site-packages\django\core\handlers\base.py", line 197, in _get_response
    response = wrapped_callback(request, *callback_args, **callback_kwargs)
  File "C:\Users\lymuthien\AppData\Local\Programs\Python\Python313\Lib\site-packages\django\contrib\admin\options.py", line 719, in wrapper
    return self.admin_site.admin_view(view)(*args, **kwargs)
           ~~~~~~~~~~~~~~~~~~~~~~~~~~~~~~~~^^^^^^^^^^^^^^^^^
  File "C:\Users\lymuthien\AppData\Local\Programs\Python\Python313\Lib\site-packages\django\utils\decorators.py", line 192, in _view_wrapper
    result = _process_exception(request, e)
  File "C:\Users\lymuthien\AppData\Local\Programs\Python\Python313\Lib\site-packages\django\utils\decorators.py", line 190, in _view_wrapper
    response = view_func(request, *args, **kwargs)
  File "C:\Users\lymuthien\AppData\Local\Programs\Python\Python313\Lib\site-packages\django\views\decorators\cache.py", line 80, in _view_wrapper
    response = view_func(request, *args, **kwargs)
  File "C:\Users\lymuthien\AppData\Local\Programs\Python\Python313\Lib\site-packages\django\contrib\admin\sites.py", line 246, in inner
    return view(request, *args, **kwargs)
  File "C:\Users\lymuthien\AppData\Local\Programs\Python\Python313\Lib\site-packages\django\utils\decorators.py", line 48, in _wrapper
    return bound_method(*args, **kwargs)
  File "C:\Users\lymuthien\AppData\Local\Programs\Python\Python313\Lib\site-packages\django\utils\decorators.py", line 192, in _view_wrapper
    result = _process_exception(request, e)
  File "C:\Users\lymuthien\AppData\Local\Programs\Python\Python313\Lib\site-packages\django\utils\decorators.py", line 190, in _view_wrapper
    response = view_func(request, *args, **kwargs)
  File "C:\Users\lymuthien\AppData\Local\Programs\Python\Python313\Lib\site-packages\django\contrib\admin\options.py", line 2024, in changelist_view
    cl = self.get_changelist_instance(request)
  File "C:\Users\lymuthien\AppData\Local\Programs\Python\Python313\Lib\site-packages\django\contrib\admin\options.py", line 867, in get_changelist_instance
    return ChangeList(
        request,
    ...<12 lines>...
        self.search_help_text,
    )
  File "C:\Users\lymuthien\AppData\Local\Programs\Python\Python313\Lib\site-packages\django\contrib\admin\views\main.py", line 146, in __init__
    self.get_results(request)
    ~~~~~~~~~~~~~~~~^^^^^^^^^
  File "C:\Users\lymuthien\AppData\Local\Programs\Python\Python313\Lib\site-packages\django\contrib\admin\views\main.py", line 313, in get_results
    result_count = paginator.count
                   ^^^^^^^^^^^^^^^
  File "C:\Users\lymuthien\AppData\Local\Programs\Python\Python313\Lib\site-packages\django\utils\functional.py", line 47, in __get__
    res = instance.__dict__[self.name] = self.func(instance)
                                         ~~~~~~~~~^^^^^^^^^^
  File "C:\Users\lymuthien\AppData\Local\Programs\Python\Python313\Lib\site-packages\django\core\paginator.py", line 110, in count
    return c()
  File "C:\Users\lymuthien\AppData\Local\Programs\Python\Python313\Lib\site-packages\django\db\models\query.py", line 604, in count
    return self.query.get_count(using=self.db)
           ~~~~~~~~~~~~~~~~~~~~^^^^^^^^^^^^^^^
  File "C:\Users\lymuthien\AppData\Local\Programs\Python\Python313\Lib\site-packages\django\db\models\sql\query.py", line 644, in get_count
    return obj.get_aggregation(using, {"__count": Count("*")})["__count"]
           ~~~~~~~~~~~~~~~~~~~^^^^^^^^^^^^^^^^^^^^^^^^^^^^^^^^
  File "C:\Users\lymuthien\AppData\Local\Programs\Python\Python313\Lib\site-packages\django\db\models\sql\query.py", line 626, in get_aggregation
    result = compiler.execute_sql(SINGLE)
  File "C:\Users\lymuthien\AppData\Local\Programs\Python\Python313\Lib\site-packages\django\db\models\sql\compiler.py", line 1623, in execute_sql
    cursor.execute(sql, params)
    ~~~~~~~~~~~~~~^^^^^^^^^^^^^
  File "C:\Users\lymuthien\AppData\Local\Programs\Python\Python313\Lib\site-packages\django\db\backends\utils.py", line 122, in execute
    return super().execute(sql, params)
           ~~~~~~~~~~~~~~~^^^^^^^^^^^^^
  File "C:\Users\lymuthien\AppData\Local\Programs\Python\Python313\Lib\site-packages\django\db\backends\utils.py", line 79, in execute
    return self._execute_with_wrappers(
           ~~~~~~~~~~~~~~~~~~~~~~~~~~~^
        sql, params, many=False, executor=self._execute
        ^^^^^^^^^^^^^^^^^^^^^^^^^^^^^^^^^^^^^^^^^^^^^^^
    )
    ^
  File "C:\Users\lymuthien\AppData\Local\Programs\Python\Python313\Lib\site-packages\django\db\backends\utils.py", line 92, in _execute_with_wrappers
    return executor(sql, params, many, context)
  File "C:\Users\lymuthien\AppData\Local\Programs\Python\Python313\Lib\site-packages\django\db\backends\utils.py", line 100, in _execute
    with self.db.wrap_database_errors:
         ^^^^^^^^^^^^^^^^^^^^^^^^^^^^
  File "C:\Users\lymuthien\AppData\Local\Programs\Python\Python313\Lib\site-packages\django\db\utils.py", line 91, in __exit__
    raise dj_exc_value.with_traceback(traceback) from exc_value
  File "C:\Users\lymuthien\AppData\Local\Programs\Python\Python313\Lib\site-packages\django\db\backends\utils.py", line 105, in _execute
    return self.cursor.execute(sql, params)
           ~~~~~~~~~~~~~~~~~~~^^^^^^^^^^^^^
  File "C:\Users\lymuthien\AppData\Local\Programs\Python\Python313\Lib\site-packages\django\db\backends\sqlite3\base.py", line 360, in execute
    return super().execute(query, params)
           ~~~~~~~~~~~~~~~^^^^^^^^^^^^^^^
django.db.utils.OperationalError: no such table: home_partnercompany
2025-09-11 12:30:28,845 INFO autoreload Watching for file changes with StatReloader
2025-09-11 12:33:45,439 INFO autoreload Watching for file changes with StatReloader
2025-09-11 12:34:00,562 INFO autoreload D:\PythonProjects\BSUIR_IGI_STRWEB\STRWEB\LR1\real_estate_agency\home\admin.py changed, reloading.
2025-09-11 12:34:01,573 INFO autoreload Watching for file changes with StatReloader
2025-09-11 12:34:02,370 WARNING log Not Found: /admin/home/aa/
2025-09-11 12:34:05,111 ERROR log Internal Server Error: /admin/home/partner/
Traceback (most recent call last):
  File "C:\Users\lymuthien\AppData\Local\Programs\Python\Python313\Lib\site-packages\django\db\backends\utils.py", line 105, in _execute
    return self.cursor.execute(sql, params)
           ~~~~~~~~~~~~~~~~~~~^^^^^^^^^^^^^
  File "C:\Users\lymuthien\AppData\Local\Programs\Python\Python313\Lib\site-packages\django\db\backends\sqlite3\base.py", line 360, in execute
    return super().execute(query, params)
           ~~~~~~~~~~~~~~~^^^^^^^^^^^^^^^
sqlite3.OperationalError: no such column: home_partner.name

The above exception was the direct cause of the following exception:

Traceback (most recent call last):
  File "C:\Users\lymuthien\AppData\Local\Programs\Python\Python313\Lib\site-packages\django\core\handlers\exception.py", line 55, in inner
    response = get_response(request)
  File "C:\Users\lymuthien\AppData\Local\Programs\Python\Python313\Lib\site-packages\django\core\handlers\base.py", line 197, in _get_response
    response = wrapped_callback(request, *callback_args, **callback_kwargs)
  File "C:\Users\lymuthien\AppData\Local\Programs\Python\Python313\Lib\site-packages\django\contrib\admin\options.py", line 719, in wrapper
    return self.admin_site.admin_view(view)(*args, **kwargs)
           ~~~~~~~~~~~~~~~~~~~~~~~~~~~~~~~~^^^^^^^^^^^^^^^^^
  File "C:\Users\lymuthien\AppData\Local\Programs\Python\Python313\Lib\site-packages\django\utils\decorators.py", line 192, in _view_wrapper
    result = _process_exception(request, e)
  File "C:\Users\lymuthien\AppData\Local\Programs\Python\Python313\Lib\site-packages\django\utils\decorators.py", line 190, in _view_wrapper
    response = view_func(request, *args, **kwargs)
  File "C:\Users\lymuthien\AppData\Local\Programs\Python\Python313\Lib\site-packages\django\views\decorators\cache.py", line 80, in _view_wrapper
    response = view_func(request, *args, **kwargs)
  File "C:\Users\lymuthien\AppData\Local\Programs\Python\Python313\Lib\site-packages\django\contrib\admin\sites.py", line 246, in inner
    return view(request, *args, **kwargs)
  File "C:\Users\lymuthien\AppData\Local\Programs\Python\Python313\Lib\site-packages\django\utils\decorators.py", line 48, in _wrapper
    return bound_method(*args, **kwargs)
  File "C:\Users\lymuthien\AppData\Local\Programs\Python\Python313\Lib\site-packages\django\utils\decorators.py", line 192, in _view_wrapper
    result = _process_exception(request, e)
  File "C:\Users\lymuthien\AppData\Local\Programs\Python\Python313\Lib\site-packages\django\utils\decorators.py", line 190, in _view_wrapper
    response = view_func(request, *args, **kwargs)
  File "C:\Users\lymuthien\AppData\Local\Programs\Python\Python313\Lib\site-packages\django\contrib\admin\options.py", line 2163, in changelist_view
    "selection_note": _("0 of %(cnt)s selected") % {"cnt": len(cl.result_list)},
                                                           ~~~^^^^^^^^^^^^^^^^
  File "C:\Users\lymuthien\AppData\Local\Programs\Python\Python313\Lib\site-packages\django\db\models\query.py", line 366, in __len__
    self._fetch_all()
    ~~~~~~~~~~~~~~~^^
  File "C:\Users\lymuthien\AppData\Local\Programs\Python\Python313\Lib\site-packages\django\db\models\query.py", line 1949, in _fetch_all
    self._result_cache = list(self._iterable_class(self))
                         ~~~~^^^^^^^^^^^^^^^^^^^^^^^^^^^^
  File "C:\Users\lymuthien\AppData\Local\Programs\Python\Python313\Lib\site-packages\django\db\models\query.py", line 91, in __iter__
    results = compiler.execute_sql(
        chunked_fetch=self.chunked_fetch, chunk_size=self.chunk_size
    )
  File "C:\Users\lymuthien\AppData\Local\Programs\Python\Python313\Lib\site-packages\django\db\models\sql\compiler.py", line 1623, in execute_sql
    cursor.execute(sql, params)
    ~~~~~~~~~~~~~~^^^^^^^^^^^^^
  File "C:\Users\lymuthien\AppData\Local\Programs\Python\Python313\Lib\site-packages\django\db\backends\utils.py", line 122, in execute
    return super().execute(sql, params)
           ~~~~~~~~~~~~~~~^^^^^^^^^^^^^
  File "C:\Users\lymuthien\AppData\Local\Programs\Python\Python313\Lib\site-packages\django\db\backends\utils.py", line 79, in execute
    return self._execute_with_wrappers(
           ~~~~~~~~~~~~~~~~~~~~~~~~~~~^
        sql, params, many=False, executor=self._execute
        ^^^^^^^^^^^^^^^^^^^^^^^^^^^^^^^^^^^^^^^^^^^^^^^
    )
    ^
  File "C:\Users\lymuthien\AppData\Local\Programs\Python\Python313\Lib\site-packages\django\db\backends\utils.py", line 92, in _execute_with_wrappers
    return executor(sql, params, many, context)
  File "C:\Users\lymuthien\AppData\Local\Programs\Python\Python313\Lib\site-packages\django\db\backends\utils.py", line 100, in _execute
    with self.db.wrap_database_errors:
         ^^^^^^^^^^^^^^^^^^^^^^^^^^^^
  File "C:\Users\lymuthien\AppData\Local\Programs\Python\Python313\Lib\site-packages\django\db\utils.py", line 91, in __exit__
    raise dj_exc_value.with_traceback(traceback) from exc_value
  File "C:\Users\lymuthien\AppData\Local\Programs\Python\Python313\Lib\site-packages\django\db\backends\utils.py", line 105, in _execute
    return self.cursor.execute(sql, params)
           ~~~~~~~~~~~~~~~~~~~^^^^^^^^^^^^^
  File "C:\Users\lymuthien\AppData\Local\Programs\Python\Python313\Lib\site-packages\django\db\backends\sqlite3\base.py", line 360, in execute
    return super().execute(query, params)
           ~~~~~~~~~~~~~~~^^^^^^^^^^^^^^^
django.db.utils.OperationalError: no such column: home_partner.name
2025-09-11 12:34:48,614 INFO autoreload D:\PythonProjects\BSUIR_IGI_STRWEB\STRWEB\LR1\real_estate_agency\home\models.py changed, reloading.
2025-09-11 12:35:31,906 INFO autoreload Watching for file changes with StatReloader
2025-09-11 12:36:04,191 INFO autoreload Watching for file changes with StatReloader
2025-09-11 12:36:54,857 INFO autoreload Watching for file changes with StatReloader
2025-09-11 12:42:51,062 INFO autoreload D:\PythonProjects\BSUIR_IGI_STRWEB\STRWEB\LR1\real_estate_agency\home\views.py changed, reloading.
2025-09-11 12:42:52,066 INFO autoreload Watching for file changes with StatReloader
2025-09-11 12:46:36,794 INFO autoreload D:\PythonProjects\BSUIR_IGI_STRWEB\STRWEB\LR1\real_estate_agency\home\views.py changed, reloading.
2025-09-11 12:46:37,776 INFO autoreload Watching for file changes with StatReloader
2025-09-11 12:46:47,708 INFO autoreload D:\PythonProjects\BSUIR_IGI_STRWEB\STRWEB\LR1\real_estate_agency\home\views.py changed, reloading.
2025-09-11 12:46:48,732 INFO autoreload Watching for file changes with StatReloader
2025-09-11 12:49:29,009 INFO views Preparing context for StatisticsView, user=lymuthien
2025-09-11 12:49:29,009 INFO statistic_calculator StatisticCalculator.get_sale_cost_stats()
2025-09-11 12:49:29,037 INFO statistic_calculator StatisticCalculator.get_client_ages()
2025-09-11 12:49:29,048 INFO statistic_calculator StatisticCalculator.get_services_sold_estate_count()
2025-09-11 12:49:29,053 INFO statistic_calculator StatisticCalculator.get_services_by_service_profit()
2025-09-11 12:49:29,058 INFO statistic_calculator StatisticCalculator.get_services_by_full_costs()
2025-09-11 12:49:29,063 INFO statistic_calculator StatisticCalculator.get_employees_by_service_profit()
2025-09-11 12:49:29,065 INFO statistic_calculator StatisticCalculator.get_employees_by_full_costs()
2025-09-11 12:49:29,619 INFO views StatisticsViewContext prepared for user: lymuthien
2025-09-11 13:02:47,675 ERROR log Internal Server Error: /home/
Traceback (most recent call last):
  File "C:\Users\lymuthien\AppData\Local\Programs\Python\Python313\Lib\site-packages\django\template\base.py", line 510, in parse
    compile_func = self.tags[command]
                   ~~~~~~~~~^^^^^^^^^
KeyError: 'static'

During handling of the above exception, another exception occurred:

Traceback (most recent call last):
  File "C:\Users\lymuthien\AppData\Local\Programs\Python\Python313\Lib\site-packages\django\core\handlers\exception.py", line 55, in inner
    response = get_response(request)
  File "C:\Users\lymuthien\AppData\Local\Programs\Python\Python313\Lib\site-packages\django\core\handlers\base.py", line 220, in _get_response
    response = response.render()
  File "C:\Users\lymuthien\AppData\Local\Programs\Python\Python313\Lib\site-packages\django\template\response.py", line 114, in render
    self.content = self.rendered_content
                   ^^^^^^^^^^^^^^^^^^^^^
  File "C:\Users\lymuthien\AppData\Local\Programs\Python\Python313\Lib\site-packages\django\template\response.py", line 90, in rendered_content
    template = self.resolve_template(self.template_name)
  File "C:\Users\lymuthien\AppData\Local\Programs\Python\Python313\Lib\site-packages\django\template\response.py", line 72, in resolve_template
    return select_template(template, using=self.using)
  File "C:\Users\lymuthien\AppData\Local\Programs\Python\Python313\Lib\site-packages\django\template\loader.py", line 42, in select_template
    return engine.get_template(template_name)
           ~~~~~~~~~~~~~~~~~~~^^^^^^^^^^^^^^^
  File "C:\Users\lymuthien\AppData\Local\Programs\Python\Python313\Lib\site-packages\django\template\backends\django.py", line 79, in get_template
    return Template(self.engine.get_template(template_name), self)
                    ~~~~~~~~~~~~~~~~~~~~~~~~^^^^^^^^^^^^^^^
  File "C:\Users\lymuthien\AppData\Local\Programs\Python\Python313\Lib\site-packages\django\template\engine.py", line 177, in get_template
    template, origin = self.find_template(template_name)
                       ~~~~~~~~~~~~~~~~~~^^^^^^^^^^^^^^^
  File "C:\Users\lymuthien\AppData\Local\Programs\Python\Python313\Lib\site-packages\django\template\engine.py", line 159, in find_template
    template = loader.get_template(name, skip=skip)
  File "C:\Users\lymuthien\AppData\Local\Programs\Python\Python313\Lib\site-packages\django\template\loaders\cached.py", line 57, in get_template
    template = super().get_template(template_name, skip)
  File "C:\Users\lymuthien\AppData\Local\Programs\Python\Python313\Lib\site-packages\django\template\loaders\base.py", line 28, in get_template
    return Template(
        contents,
    ...<2 lines>...
        self.engine,
    )
  File "C:\Users\lymuthien\AppData\Local\Programs\Python\Python313\Lib\site-packages\django\template\base.py", line 154, in __init__
    self.nodelist = self.compile_nodelist()
                    ~~~~~~~~~~~~~~~~~~~~~^^
  File "C:\Users\lymuthien\AppData\Local\Programs\Python\Python313\Lib\site-packages\django\template\base.py", line 196, in compile_nodelist
    nodelist = parser.parse()
  File "C:\Users\lymuthien\AppData\Local\Programs\Python\Python313\Lib\site-packages\django\template\base.py", line 518, in parse
    raise self.error(token, e)
  File "C:\Users\lymuthien\AppData\Local\Programs\Python\Python313\Lib\site-packages\django\template\base.py", line 516, in parse
    compiled_result = compile_func(self, token)
  File "C:\Users\lymuthien\AppData\Local\Programs\Python\Python313\Lib\site-packages\django\template\loader_tags.py", line 299, in do_extends
    nodelist = parser.parse()
  File "C:\Users\lymuthien\AppData\Local\Programs\Python\Python313\Lib\site-packages\django\template\base.py", line 518, in parse
    raise self.error(token, e)
  File "C:\Users\lymuthien\AppData\Local\Programs\Python\Python313\Lib\site-packages\django\template\base.py", line 516, in parse
    compiled_result = compile_func(self, token)
  File "C:\Users\lymuthien\AppData\Local\Programs\Python\Python313\Lib\site-packages\django\template\loader_tags.py", line 234, in do_block
    nodelist = parser.parse(("endblock",))
  File "C:\Users\lymuthien\AppData\Local\Programs\Python\Python313\Lib\site-packages\django\template\base.py", line 512, in parse
    self.invalid_block_tag(token, command, parse_until)
    ~~~~~~~~~~~~~~~~~~~~~~^^^^^^^^^^^^^^^^^^^^^^^^^^^^^
  File "C:\Users\lymuthien\AppData\Local\Programs\Python\Python313\Lib\site-packages\django\template\base.py", line 567, in invalid_block_tag
    raise self.error(
    ...<8 lines>...
    )
django.template.exceptions.TemplateSyntaxError: Invalid block tag on line 31: 'static', expected 'endblock'. Did you forget to register or load this tag?
2025-09-11 13:08:24,385 ERROR log Internal Server Error: /home/news_detail/1
Traceback (most recent call last):
  File "C:\Users\lymuthien\AppData\Local\Programs\Python\Python313\Lib\site-packages\django\template\base.py", line 890, in _resolve_lookup
    raise TypeError
TypeError

During handling of the above exception, another exception occurred:

Traceback (most recent call last):
  File "C:\Users\lymuthien\AppData\Local\Programs\Python\Python313\Lib\site-packages\django\core\handlers\exception.py", line 55, in inner
    response = get_response(request)
  File "C:\Users\lymuthien\AppData\Local\Programs\Python\Python313\Lib\site-packages\django\core\handlers\base.py", line 220, in _get_response
    response = response.render()
  File "C:\Users\lymuthien\AppData\Local\Programs\Python\Python313\Lib\site-packages\django\template\response.py", line 114, in render
    self.content = self.rendered_content
                   ^^^^^^^^^^^^^^^^^^^^^
  File "C:\Users\lymuthien\AppData\Local\Programs\Python\Python313\Lib\site-packages\django\template\response.py", line 92, in rendered_content
    return template.render(context, self._request)
           ~~~~~~~~~~~~~~~^^^^^^^^^^^^^^^^^^^^^^^^
  File "C:\Users\lymuthien\AppData\Local\Programs\Python\Python313\Lib\site-packages\django\template\backends\django.py", line 107, in render
    return self.template.render(context)
           ~~~~~~~~~~~~~~~~~~~~^^^^^^^^^
  File "C:\Users\lymuthien\AppData\Local\Programs\Python\Python313\Lib\site-packages\django\template\base.py", line 171, in render
    return self._render(context)
           ~~~~~~~~~~~~^^^^^^^^^
  File "C:\Users\lymuthien\AppData\Local\Programs\Python\Python313\Lib\site-packages\django\template\base.py", line 163, in _render
    return self.nodelist.render(context)
           ~~~~~~~~~~~~~~~~~~~~^^^^^^^^^
  File "C:\Users\lymuthien\AppData\Local\Programs\Python\Python313\Lib\site-packages\django\template\base.py", line 1016, in render
    return SafeString("".join([node.render_annotated(context) for node in self]))
                               ~~~~~~~~~~~~~~~~~~~~~^^^^^^^^^
  File "C:\Users\lymuthien\AppData\Local\Programs\Python\Python313\Lib\site-packages\django\template\base.py", line 977, in render_annotated
    return self.render(context)
           ~~~~~~~~~~~^^^^^^^^^
  File "C:\Users\lymuthien\AppData\Local\Programs\Python\Python313\Lib\site-packages\django\template\loader_tags.py", line 159, in render
    return compiled_parent._render(context)
           ~~~~~~~~~~~~~~~~~~~~~~~^^^^^^^^^
  File "C:\Users\lymuthien\AppData\Local\Programs\Python\Python313\Lib\site-packages\django\template\base.py", line 163, in _render
    return self.nodelist.render(context)
           ~~~~~~~~~~~~~~~~~~~~^^^^^^^^^
  File "C:\Users\lymuthien\AppData\Local\Programs\Python\Python313\Lib\site-packages\django\template\base.py", line 1016, in render
    return SafeString("".join([node.render_annotated(context) for node in self]))
                               ~~~~~~~~~~~~~~~~~~~~~^^^^^^^^^
  File "C:\Users\lymuthien\AppData\Local\Programs\Python\Python313\Lib\site-packages\django\template\base.py", line 977, in render_annotated
    return self.render(context)
           ~~~~~~~~~~~^^^^^^^^^
  File "C:\Users\lymuthien\AppData\Local\Programs\Python\Python313\Lib\site-packages\django\template\loader_tags.py", line 65, in render
    result = block.nodelist.render(context)
  File "C:\Users\lymuthien\AppData\Local\Programs\Python\Python313\Lib\site-packages\django\template\base.py", line 1016, in render
    return SafeString("".join([node.render_annotated(context) for node in self]))
                               ~~~~~~~~~~~~~~~~~~~~~^^^^^^^^^
  File "C:\Users\lymuthien\AppData\Local\Programs\Python\Python313\Lib\site-packages\django\template\base.py", line 977, in render_annotated
    return self.render(context)
           ~~~~~~~~~~~^^^^^^^^^
  File "C:\Users\lymuthien\AppData\Local\Programs\Python\Python313\Lib\site-packages\django\template\base.py", line 1075, in render
    output = self.filter_expression.resolve(context)
  File "C:\Users\lymuthien\AppData\Local\Programs\Python\Python313\Lib\site-packages\django\template\base.py", line 722, in resolve
    obj = self.var.resolve(context)
  File "C:\Users\lymuthien\AppData\Local\Programs\Python\Python313\Lib\site-packages\django\template\base.py", line 854, in resolve
    value = self._resolve_lookup(context)
  File "C:\Users\lymuthien\AppData\Local\Programs\Python\Python313\Lib\site-packages\django\template\base.py", line 901, in _resolve_lookup
    current = getattr(current, bit)
  File "C:\Users\lymuthien\AppData\Local\Programs\Python\Python313\Lib\site-packages\django\db\models\fields\files.py", line 69, in url
    self._require_file()
    ~~~~~~~~~~~~~~~~~~^^
  File "C:\Users\lymuthien\AppData\Local\Programs\Python\Python313\Lib\site-packages\django\db\models\fields\files.py", line 44, in _require_file
    raise ValueError(
        "The '%s' attribute has no file associated with it." % self.field.name
    )
ValueError: The 'image' attribute has no file associated with it.
2025-09-11 17:11:22,502 INFO autoreload Watching for file changes with StatReloader
2025-09-11 17:14:35,065 INFO views ServiceListView queryset prepared
2025-09-11 17:14:35,706 INFO views AvailableEstateListView queryset prepared
2025-09-11 17:15:44,068 INFO autoreload D:\PythonProjects\BSUIR_IGI_STRWEB\STRWEB\LR1\real_estate_agency\users\models.py changed, reloading.
2025-09-11 17:15:45,449 INFO autoreload Watching for file changes with StatReloader
2025-09-11 17:16:01,901 INFO autoreload D:\PythonProjects\BSUIR_IGI_STRWEB\STRWEB\LR1\real_estate_agency\users\models.py changed, reloading.
2025-09-11 17:16:02,984 INFO autoreload Watching for file changes with StatReloader
2025-09-11 17:25:23,491 INFO timezone_service ip:127.0.0.1
2025-09-11 17:25:23,900 INFO views Timezone determined for user Tanya: UTC
2025-09-11 17:25:27,300 INFO views AvailableEstateListView queryset prepared
2025-09-11 17:25:33,247 ERROR mapbox_client Error while requesting Mapbox API for address Тимирязева ул, 28, Минск: 401 Client Error: Unauthorized for url: https://api.mapbox.com/geocoding/v5/mapbox.places/%D0%A2%D0%B8%D0%BC%D0%B8%D1%80%D1%8F%D0%B7%D0%B5%D0%B2%D0%B0%20%D1%83%D0%BB%2C%2028%2C%20%D0%9C%D0%B8%D0%BD%D1%81%D0%BA.json?types=address&language=ru&limit=1
2025-09-11 17:25:33,249 INFO views EstateDetailView context prepared
2025-09-11 17:25:41,719 INFO views PurchaseRequest created by Tanya: estate=Тимирязева ул, 28, Минск: 781276.00
2025-09-11 17:25:44,943 ERROR mapbox_client Error while requesting Mapbox API for address Тимирязева ул, 28, Минск: 401 Client Error: Unauthorized for url: https://api.mapbox.com/geocoding/v5/mapbox.places/%D0%A2%D0%B8%D0%BC%D0%B8%D1%80%D1%8F%D0%B7%D0%B5%D0%B2%D0%B0%20%D1%83%D0%BB%2C%2028%2C%20%D0%9C%D0%B8%D0%BD%D1%81%D0%BA.json?types=address&language=ru&limit=1
2025-09-11 17:25:44,944 INFO views EstateDetailView context prepared
2025-09-11 17:25:47,403 INFO timezone_service ip:127.0.0.1
2025-09-11 17:25:47,539 INFO views Timezone determined for user Tanya: UTC
2025-09-11 17:25:53,461 INFO views ClientDashboardView context prepared for user Tanya
2025-09-11 17:32:12,491 INFO views ClientDashboardView context prepared for user Tanya
2025-09-11 17:47:42,731 INFO autoreload D:\PythonProjects\BSUIR_IGI_STRWEB\STRWEB\LR1\real_estate_agency\catalog\views.py changed, reloading.
2025-09-11 17:47:44,363 INFO autoreload Watching for file changes with StatReloader
2025-09-11 17:47:59,123 INFO autoreload D:\PythonProjects\BSUIR_IGI_STRWEB\STRWEB\LR1\real_estate_agency\catalog\views.py changed, reloading.
2025-09-11 17:48:00,449 INFO autoreload Watching for file changes with StatReloader
2025-09-11 17:48:04,692 INFO autoreload D:\PythonProjects\BSUIR_IGI_STRWEB\STRWEB\LR1\real_estate_agency\catalog\views.py changed, reloading.
2025-09-11 17:48:05,764 INFO autoreload Watching for file changes with StatReloader
2025-09-11 17:48:08,001 INFO autoreload D:\PythonProjects\BSUIR_IGI_STRWEB\STRWEB\LR1\real_estate_agency\catalog\views.py changed, reloading.
2025-09-11 17:48:09,047 INFO autoreload Watching for file changes with StatReloader
2025-09-11 17:50:59,973 INFO autoreload D:\PythonProjects\BSUIR_IGI_STRWEB\STRWEB\LR1\real_estate_agency\catalog\views.py changed, reloading.
2025-09-11 17:51:01,595 INFO autoreload Watching for file changes with StatReloader
2025-09-11 17:53:04,663 INFO autoreload D:\PythonProjects\BSUIR_IGI_STRWEB\STRWEB\LR1\real_estate_agency\catalog\views.py changed, reloading.
2025-09-11 17:53:06,992 INFO autoreload Watching for file changes with StatReloader
2025-09-11 17:58:05,133 INFO autoreload D:\PythonProjects\BSUIR_IGI_STRWEB\STRWEB\LR1\real_estate_agency\catalog\views.py changed, reloading.
2025-09-11 17:58:06,557 INFO autoreload Watching for file changes with StatReloader
2025-09-11 17:58:18,313 INFO autoreload D:\PythonProjects\BSUIR_IGI_STRWEB\STRWEB\LR1\real_estate_agency\catalog\views.py changed, reloading.
2025-09-11 17:58:19,936 INFO autoreload Watching for file changes with StatReloader
2025-09-11 17:59:03,167 INFO autoreload D:\PythonProjects\BSUIR_IGI_STRWEB\STRWEB\LR1\real_estate_agency\catalog\views.py changed, reloading.
2025-09-11 17:59:04,815 INFO autoreload Watching for file changes with StatReloader
2025-09-11 17:59:11,088 INFO autoreload D:\PythonProjects\BSUIR_IGI_STRWEB\STRWEB\LR1\real_estate_agency\catalog\urls.py changed, reloading.
2025-09-11 17:59:12,532 INFO autoreload Watching for file changes with StatReloader
2025-09-11 17:59:23,077 INFO autoreload D:\PythonProjects\BSUIR_IGI_STRWEB\STRWEB\LR1\real_estate_agency\catalog\urls.py changed, reloading.
2025-09-11 17:59:24,744 INFO autoreload Watching for file changes with StatReloader
2025-09-11 17:59:51,481 INFO views ClientDashboardView context prepared for user Tanya
2025-09-11 17:59:52,855 INFO views ClientDashboardView context prepared for user Tanya
2025-09-11 17:59:57,682 INFO views ClientDashboardView context prepared for user Tanya
2025-09-11 17:59:58,516 INFO views ClientDashboardView context prepared for user Tanya
2025-09-11 17:59:59,502 INFO views ClientDashboardView context prepared for user Tanya
2025-09-11 18:00:10,045 INFO views ClientDashboardView context prepared for user Tanya
2025-09-11 18:00:12,074 INFO timezone_service ip:127.0.0.1
2025-09-11 18:00:13,585 INFO views Timezone determined for user Tanya: UTC
2025-09-11 18:00:15,622 INFO views ClientDashboardView context prepared for user Tanya
2025-09-11 18:00:18,274 INFO views ClientDashboardView context prepared for user Tanya
2025-09-11 18:02:08,133 INFO views ClientDashboardView context prepared for user Tanya
2025-09-11 18:02:12,125 INFO views ClientDashboardView context prepared for user Tanya
2025-09-11 18:03:29,122 INFO views ClientDashboardView context prepared for user Tanya
2025-09-11 18:03:33,327 INFO views Sale created and PurchaseRequest id=15 marked as completed
2025-09-11 18:03:47,155 WARNING log Method Not Allowed (POST): /catalog/payment/10/
2025-09-11 18:04:28,389 INFO timezone_service ip:127.0.0.1
2025-09-11 18:04:28,710 INFO views Timezone determined for user Tanya: UTC
2025-09-11 18:04:29,705 INFO views ClientDashboardView context prepared for user Tanya
2025-09-11 18:25:26,570 WARNING log Not Found: /favicon.ico
2025-09-11 19:25:49,201 INFO timezone_service ip:127.0.0.1
2025-09-11 19:25:49,634 INFO views Timezone determined for user lymuthien: UTC
2025-09-11 19:26:05,849 INFO views ClientDashboardView context prepared for user Tanya
2025-09-11 19:26:10,845 INFO views AvailableEstateListView queryset prepared
2025-09-11 19:26:17,299 ERROR mapbox_client Error while requesting Mapbox API for address Володько ул, 20, Минск: 401 Client Error: Unauthorized for url: https://api.mapbox.com/geocoding/v5/mapbox.places/%D0%92%D0%BE%D0%BB%D0%BE%D0%B4%D1%8C%D0%BA%D0%BE%20%D1%83%D0%BB%2C%2020%2C%20%D0%9C%D0%B8%D0%BD%D1%81%D0%BA.json?types=address&language=ru&limit=1
2025-09-11 19:26:17,300 INFO views EstateDetailView context prepared
2025-09-11 19:26:20,923 INFO views PurchaseRequest created by Tanya: estate=Володько ул, 20, Минск: 576000.00
2025-09-11 19:26:24,244 ERROR mapbox_client Error while requesting Mapbox API for address Володько ул, 20, Минск: 401 Client Error: Unauthorized for url: https://api.mapbox.com/geocoding/v5/mapbox.places/%D0%92%D0%BE%D0%BB%D0%BE%D0%B4%D1%8C%D0%BA%D0%BE%20%D1%83%D0%BB%2C%2020%2C%20%D0%9C%D0%B8%D0%BD%D1%81%D0%BA.json?types=address&language=ru&limit=1
2025-09-11 19:26:24,245 INFO views EstateDetailView context prepared
2025-09-11 19:26:27,635 INFO views ClientDashboardView context prepared for user Tanya
2025-09-11 19:26:30,866 INFO views Sale created and PurchaseRequest id=16 marked as completed
2025-09-11 19:26:51,716 INFO views ClientDashboardView context prepared for user Tanya
2025-09-11 19:26:57,661 INFO views AvailableEstateListView queryset prepared
2025-09-11 19:27:04,018 ERROR mapbox_client Error while requesting Mapbox API for address Гольшанская ул, 32, Минск: 401 Client Error: Unauthorized for url: https://api.mapbox.com/geocoding/v5/mapbox.places/%D0%93%D0%BE%D0%BB%D1%8C%D1%88%D0%B0%D0%BD%D1%81%D0%BA%D0%B0%D1%8F%20%D1%83%D0%BB%2C%2032%2C%20%D0%9C%D0%B8%D0%BD%D1%81%D0%BA.json?types=address&language=ru&limit=1
2025-09-11 19:27:04,019 INFO views EstateDetailView context prepared
2025-09-11 19:27:07,135 INFO views PurchaseRequest created by Tanya: estate=Гольшанская ул, 32, Минск: 260000.00
2025-09-11 19:27:10,459 ERROR mapbox_client Error while requesting Mapbox API for address Гольшанская ул, 32, Минск: 401 Client Error: Unauthorized for url: https://api.mapbox.com/geocoding/v5/mapbox.places/%D0%93%D0%BE%D0%BB%D1%8C%D1%88%D0%B0%D0%BD%D1%81%D0%BA%D0%B0%D1%8F%20%D1%83%D0%BB%2C%2032%2C%20%D0%9C%D0%B8%D0%BD%D1%81%D0%BA.json?types=address&language=ru&limit=1
2025-09-11 19:27:10,460 INFO views EstateDetailView context prepared
2025-09-11 19:27:13,230 INFO views ClientDashboardView context prepared for user Tanya
2025-09-11 19:27:14,915 INFO views ClientDashboardView context prepared for user Tanya
2025-10-05 15:05:21,527 INFO autoreload Watching for file changes with StatReloader
2025-10-05 15:29:47,418 WARNING log Not Found: /favicon.ico
2025-10-05 16:00:56,095 ERROR log Internal Server Error: /home/
Traceback (most recent call last):
  File "C:\Users\lymuthien\AppData\Local\Programs\Python\Python313\Lib\site-packages\django\template\base.py", line 890, in _resolve_lookup
    raise TypeError
TypeError

During handling of the above exception, another exception occurred:

Traceback (most recent call last):
  File "C:\Users\lymuthien\AppData\Local\Programs\Python\Python313\Lib\site-packages\django\core\handlers\exception.py", line 55, in inner
    response = get_response(request)
  File "C:\Users\lymuthien\AppData\Local\Programs\Python\Python313\Lib\site-packages\django\core\handlers\base.py", line 220, in _get_response
    response = response.render()
  File "C:\Users\lymuthien\AppData\Local\Programs\Python\Python313\Lib\site-packages\django\template\response.py", line 114, in render
    self.content = self.rendered_content
                   ^^^^^^^^^^^^^^^^^^^^^
  File "C:\Users\lymuthien\AppData\Local\Programs\Python\Python313\Lib\site-packages\django\template\response.py", line 92, in rendered_content
    return template.render(context, self._request)
           ~~~~~~~~~~~~~~~^^^^^^^^^^^^^^^^^^^^^^^^
  File "C:\Users\lymuthien\AppData\Local\Programs\Python\Python313\Lib\site-packages\django\template\backends\django.py", line 107, in render
    return self.template.render(context)
           ~~~~~~~~~~~~~~~~~~~~^^^^^^^^^
  File "C:\Users\lymuthien\AppData\Local\Programs\Python\Python313\Lib\site-packages\django\template\base.py", line 171, in render
    return self._render(context)
           ~~~~~~~~~~~~^^^^^^^^^
  File "C:\Users\lymuthien\AppData\Local\Programs\Python\Python313\Lib\site-packages\django\template\base.py", line 163, in _render
    return self.nodelist.render(context)
           ~~~~~~~~~~~~~~~~~~~~^^^^^^^^^
  File "C:\Users\lymuthien\AppData\Local\Programs\Python\Python313\Lib\site-packages\django\template\base.py", line 1016, in render
    return SafeString("".join([node.render_annotated(context) for node in self]))
                               ~~~~~~~~~~~~~~~~~~~~~^^^^^^^^^
  File "C:\Users\lymuthien\AppData\Local\Programs\Python\Python313\Lib\site-packages\django\template\base.py", line 977, in render_annotated
    return self.render(context)
           ~~~~~~~~~~~^^^^^^^^^
  File "C:\Users\lymuthien\AppData\Local\Programs\Python\Python313\Lib\site-packages\django\template\loader_tags.py", line 159, in render
    return compiled_parent._render(context)
           ~~~~~~~~~~~~~~~~~~~~~~~^^^^^^^^^
  File "C:\Users\lymuthien\AppData\Local\Programs\Python\Python313\Lib\site-packages\django\template\base.py", line 163, in _render
    return self.nodelist.render(context)
           ~~~~~~~~~~~~~~~~~~~~^^^^^^^^^
  File "C:\Users\lymuthien\AppData\Local\Programs\Python\Python313\Lib\site-packages\django\template\base.py", line 1016, in render
    return SafeString("".join([node.render_annotated(context) for node in self]))
                               ~~~~~~~~~~~~~~~~~~~~~^^^^^^^^^
  File "C:\Users\lymuthien\AppData\Local\Programs\Python\Python313\Lib\site-packages\django\template\base.py", line 977, in render_annotated
    return self.render(context)
           ~~~~~~~~~~~^^^^^^^^^
  File "C:\Users\lymuthien\AppData\Local\Programs\Python\Python313\Lib\site-packages\django\template\loader_tags.py", line 65, in render
    result = block.nodelist.render(context)
  File "C:\Users\lymuthien\AppData\Local\Programs\Python\Python313\Lib\site-packages\django\template\base.py", line 1016, in render
    return SafeString("".join([node.render_annotated(context) for node in self]))
                               ~~~~~~~~~~~~~~~~~~~~~^^^^^^^^^
  File "C:\Users\lymuthien\AppData\Local\Programs\Python\Python313\Lib\site-packages\django\template\base.py", line 977, in render_annotated
    return self.render(context)
           ~~~~~~~~~~~^^^^^^^^^
  File "C:\Users\lymuthien\AppData\Local\Programs\Python\Python313\Lib\site-packages\django\template\defaulttags.py", line 327, in render
    return nodelist.render(context)
           ~~~~~~~~~~~~~~~^^^^^^^^^
  File "C:\Users\lymuthien\AppData\Local\Programs\Python\Python313\Lib\site-packages\django\template\base.py", line 1016, in render
    return SafeString("".join([node.render_annotated(context) for node in self]))
                               ~~~~~~~~~~~~~~~~~~~~~^^^^^^^^^
  File "C:\Users\lymuthien\AppData\Local\Programs\Python\Python313\Lib\site-packages\django\template\base.py", line 977, in render_annotated
    return self.render(context)
           ~~~~~~~~~~~^^^^^^^^^
  File "C:\Users\lymuthien\AppData\Local\Programs\Python\Python313\Lib\site-packages\django\template\base.py", line 1075, in render
    output = self.filter_expression.resolve(context)
  File "C:\Users\lymuthien\AppData\Local\Programs\Python\Python313\Lib\site-packages\django\template\base.py", line 722, in resolve
    obj = self.var.resolve(context)
  File "C:\Users\lymuthien\AppData\Local\Programs\Python\Python313\Lib\site-packages\django\template\base.py", line 854, in resolve
    value = self._resolve_lookup(context)
  File "C:\Users\lymuthien\AppData\Local\Programs\Python\Python313\Lib\site-packages\django\template\base.py", line 901, in _resolve_lookup
    current = getattr(current, bit)
  File "C:\Users\lymuthien\AppData\Local\Programs\Python\Python313\Lib\site-packages\django\db\models\fields\files.py", line 69, in url
    self._require_file()
    ~~~~~~~~~~~~~~~~~~^^
  File "C:\Users\lymuthien\AppData\Local\Programs\Python\Python313\Lib\site-packages\django\db\models\fields\files.py", line 44, in _require_file
    raise ValueError(
        "The '%s' attribute has no file associated with it." % self.field.name
    )
ValueError: The 'image' attribute has no file associated with it.
2025-10-05 16:36:10,743 INFO timezone_service ip:127.0.0.1
2025-10-05 16:36:11,442 INFO views Timezone determined for user lymuthien: UTC
2025-10-05 16:38:10,092 INFO timezone_service ip:127.0.0.1
2025-10-05 16:38:11,119 INFO views Timezone determined for user lymuthien: UTC
2025-10-05 16:38:55,736 INFO views ServiceListView queryset prepared
2025-10-05 17:48:07,637 INFO timezone_service ip:127.0.0.1
2025-10-05 17:48:07,968 INFO views Timezone determined for user lymuthien: UTC
2025-10-05 18:01:36,720 INFO views ServiceListView queryset prepared
2025-10-05 18:01:37,314 INFO views AvailableEstateListView queryset prepared
2025-10-05 18:49:34,071 INFO views ClientDashboardView context prepared for user Tanya
2025-10-05 18:51:01,586 INFO views ClientDashboardView context prepared for user Tanya
2025-10-05 18:51:30,517 INFO views AvailableEstateListView queryset prepared
2025-10-05 18:51:36,719 ERROR mapbox_client Error while requesting Mapbox API for address Гольшанская ул, 32, Минск: 401 Client Error: Unauthorized for url: https://api.mapbox.com/geocoding/v5/mapbox.places/%D0%93%D0%BE%D0%BB%D1%8C%D1%88%D0%B0%D0%BD%D1%81%D0%BA%D0%B0%D1%8F%20%D1%83%D0%BB%2C%2032%2C%20%D0%9C%D0%B8%D0%BD%D1%81%D0%BA.json?types=address&language=ru&limit=1
2025-10-05 18:51:36,722 INFO views EstateDetailView context prepared
2025-10-05 18:51:42,413 ERROR mapbox_client Error while requesting Mapbox API for address Герасименко ул, 1А, Минск: 401 Client Error: Unauthorized for url: https://api.mapbox.com/geocoding/v5/mapbox.places/%D0%93%D0%B5%D1%80%D0%B0%D1%81%D0%B8%D0%BC%D0%B5%D0%BD%D0%BA%D0%BE%20%D1%83%D0%BB%2C%201%D0%90%2C%20%D0%9C%D0%B8%D0%BD%D1%81%D0%BA.json?types=address&language=ru&limit=1
2025-10-05 18:51:42,415 INFO views EstateDetailView context prepared
2025-10-05 18:51:44,261 INFO views PurchaseRequest created by Tanya: estate=Герасименко ул, 1А, Минск: 130000.00
2025-10-05 18:51:46,084 ERROR mapbox_client Error while requesting Mapbox API for address Герасименко ул, 1А, Минск: 401 Client Error: Unauthorized for url: https://api.mapbox.com/geocoding/v5/mapbox.places/%D0%93%D0%B5%D1%80%D0%B0%D1%81%D0%B8%D0%BC%D0%B5%D0%BD%D0%BA%D0%BE%20%D1%83%D0%BB%2C%201%D0%90%2C%20%D0%9C%D0%B8%D0%BD%D1%81%D0%BA.json?types=address&language=ru&limit=1
2025-10-05 18:51:46,085 INFO views EstateDetailView context prepared
2025-10-05 18:51:50,933 INFO views ClientDashboardView context prepared for user Tanya
2025-10-05 18:52:31,154 INFO views ClientDashboardView context prepared for user Tanya
2025-10-05 18:52:32,375 INFO views ClientDashboardView context prepared for user Tanya
2025-10-05 18:52:40,684 INFO views ClientDashboardView context prepared for user Tanya
2025-10-05 18:52:41,531 INFO views ClientDashboardView context prepared for user Tanya
2025-10-05 18:53:03,557 INFO views ClientDashboardView context prepared for user Tanya
2025-10-05 18:53:29,837 INFO views ClientDashboardView context prepared for user Tanya
2025-10-05 18:53:40,150 INFO views ClientDashboardView context prepared for user Tanya
2025-10-05 18:53:48,131 INFO views ClientDashboardView context prepared for user Tanya
2025-10-05 18:53:49,222 INFO views ClientDashboardView context prepared for user Tanya
2025-10-05 18:53:51,582 INFO views ClientDashboardView context prepared for user Tanya
2025-10-05 18:54:45,526 INFO views ClientDashboardView context prepared for user Tanya
2025-10-05 18:54:55,659 INFO views ClientDashboardView context prepared for user Tanya
2025-10-05 18:54:59,747 INFO views ClientDashboardView context prepared for user Tanya
2025-10-05 18:55:20,060 INFO views ClientDashboardView context prepared for user Tanya
2025-10-05 18:55:27,018 INFO views ClientDashboardView context prepared for user Tanya
2025-10-05 18:55:49,170 INFO views ClientDashboardView context prepared for user Tanya
2025-10-05 18:55:51,432 INFO views ClientDashboardView context prepared for user Tanya
2025-10-05 18:56:06,021 INFO views Sale created and PurchaseRequest id=18 marked as completed
2025-10-05 18:56:11,050 INFO views ClientDashboardView context prepared for user Tanya
2025-10-05 18:56:49,909 INFO views ClientDashboardView context prepared for user Tanya
2025-10-05 18:56:56,934 INFO views ClientDashboardView context prepared for user Tanya
2025-10-05 18:56:58,161 INFO views ClientDashboardView context prepared for user Tanya
2025-10-05 18:57:06,579 INFO views ClientDashboardView context prepared for user Tanya
2025-10-05 18:57:44,969 INFO views ClientDashboardView context prepared for user Tanya
2025-10-05 18:57:53,908 INFO views ClientDashboardView context prepared for user Tanya
2025-10-05 19:03:40,786 INFO views ServiceListView queryset prepared
2025-10-05 19:06:55,556 INFO views ServiceListView queryset prepared
2025-10-05 19:07:34,329 INFO views ServiceListView queryset prepared
2025-10-05 19:07:49,154 INFO views ServiceListView queryset prepared
2025-10-05 19:07:56,769 INFO views ServiceListView queryset prepared
2025-10-05 19:07:58,424 INFO views ServiceListView queryset prepared
2025-10-05 19:08:36,823 INFO views ServiceListView queryset prepared
2025-10-05 19:10:25,016 INFO views ServiceListView queryset prepared
2025-10-05 19:10:26,817 INFO views ServiceListView queryset prepared
2025-10-05 19:10:32,437 INFO views ServiceListView queryset prepared
2025-10-05 19:10:35,158 INFO views ServiceListView queryset prepared
2025-10-05 19:13:58,867 INFO views ServiceListView queryset prepared
2025-10-05 19:37:21,812 INFO views ServiceListView queryset prepared
2025-10-05 19:37:27,859 INFO views ServiceListView queryset prepared
2025-10-05 19:37:30,561 INFO views AvailableEstateListView queryset prepared
2025-10-05 19:37:39,571 INFO views AvailableEstateListView queryset prepared
2025-10-05 19:37:41,781 INFO views AvailableEstateListView queryset prepared
2025-10-05 19:41:58,133 INFO views AvailableEstateListView queryset prepared
2025-10-05 19:42:01,896 INFO views AvailableEstateListView queryset prepared
2025-10-05 19:42:22,895 INFO views AvailableEstateListView queryset prepared
2025-10-05 19:42:25,038 INFO views AvailableEstateListView queryset prepared
2025-10-05 19:42:25,711 INFO views AvailableEstateListView queryset prepared
2025-10-05 19:42:26,741 INFO views AvailableEstateListView queryset prepared
2025-10-05 19:42:40,881 INFO views AvailableEstateListView queryset prepared
2025-10-05 19:42:51,543 INFO views AvailableEstateListView queryset prepared
2025-10-05 19:43:00,533 INFO views AvailableEstateListView queryset prepared
2025-10-05 19:43:23,689 INFO views AvailableEstateListView queryset prepared
2025-10-05 19:46:58,569 INFO views AvailableEstateListView queryset prepared
2025-10-05 19:47:00,006 INFO views ServiceListView queryset prepared
2025-10-05 19:47:59,102 INFO views AvailableEstateListView queryset prepared
2025-10-05 19:48:00,071 INFO views ServiceListView queryset prepared
2025-10-05 19:57:14,923 INFO views AvailableEstateListView queryset prepared
2025-10-05 20:01:20,847 INFO views AvailableEstateListView queryset prepared
2025-10-05 20:09:26,167 INFO views AvailableEstateListView queryset prepared
2025-10-05 20:11:00,110 INFO views AvailableEstateListView queryset prepared
2025-10-05 20:11:59,769 INFO views AvailableEstateListView queryset prepared
2025-10-05 20:12:03,417 INFO views AvailableEstateListView queryset prepared
2025-10-05 20:12:20,601 INFO views AvailableEstateListView queryset prepared
2025-10-05 20:12:57,130 INFO views AvailableEstateListView queryset prepared
2025-10-05 20:13:06,681 INFO views AvailableEstateListView queryset prepared
2025-10-05 20:13:09,919 INFO views AvailableEstateListView queryset prepared
2025-10-05 20:13:13,838 INFO views AvailableEstateListView queryset prepared
2025-10-05 20:23:05,964 INFO views AvailableEstateListView queryset prepared
2025-10-05 20:23:17,554 INFO views AvailableEstateListView queryset prepared
2025-10-05 20:23:19,497 INFO views AvailableEstateListView queryset prepared
2025-10-05 20:23:29,963 INFO views AvailableEstateListView queryset prepared
2025-10-05 20:23:33,065 INFO views AvailableEstateListView queryset prepared
2025-10-05 20:23:46,219 INFO views AvailableEstateListView queryset prepared
2025-10-05 20:23:50,368 INFO views AvailableEstateListView queryset prepared
2025-10-05 20:23:57,409 INFO views AvailableEstateListView queryset prepared
2025-10-05 20:24:20,138 INFO views AvailableEstateListView queryset prepared
2025-10-05 20:24:29,589 INFO views AvailableEstateListView queryset prepared
2025-10-05 20:24:38,280 INFO views AvailableEstateListView queryset prepared
2025-10-05 20:24:42,629 INFO views AvailableEstateListView queryset prepared
2025-10-05 20:25:07,716 INFO views AvailableEstateListView queryset prepared
2025-10-05 20:25:14,770 INFO views AvailableEstateListView queryset prepared
2025-10-05 20:25:53,729 INFO views AvailableEstateListView queryset prepared
2025-10-05 20:26:42,355 INFO views AvailableEstateListView queryset prepared
2025-10-05 20:26:43,616 INFO views AvailableEstateListView queryset prepared
2025-10-05 20:26:59,012 INFO views AvailableEstateListView queryset prepared
2025-10-05 20:26:59,781 INFO views AvailableEstateListView queryset prepared
2025-10-05 20:27:18,306 INFO views AvailableEstateListView queryset prepared
2025-10-05 20:27:39,794 INFO views AvailableEstateListView queryset prepared
2025-10-05 20:27:46,335 INFO views AvailableEstateListView queryset prepared
2025-10-05 20:27:47,142 INFO views AvailableEstateListView queryset prepared
2025-10-05 20:28:18,286 INFO views AvailableEstateListView queryset prepared
2025-10-05 20:28:32,450 INFO views AvailableEstateListView queryset prepared
2025-10-05 20:28:32,912 INFO views AvailableEstateListView queryset prepared
2025-10-05 20:28:34,088 INFO views AvailableEstateListView queryset prepared
2025-10-05 20:40:20,196 INFO views AvailableEstateListView queryset prepared
2025-10-05 20:43:28,908 INFO views ServiceListView queryset prepared
2025-10-05 20:43:29,360 INFO views AvailableEstateListView queryset prepared
2025-10-05 20:45:55,533 INFO views AvailableEstateListView queryset prepared
2025-10-05 21:00:44,754 INFO views AvailableEstateListView queryset prepared
2025-10-05 21:01:56,264 INFO views ServiceListView queryset prepared
2025-10-05 21:02:12,609 INFO views ServiceListView queryset prepared
2025-10-05 21:02:19,515 INFO views ServiceListView queryset prepared
2025-10-05 21:03:21,749 INFO views ServiceListView queryset prepared
2025-10-05 21:03:24,919 INFO views ServiceListView queryset prepared
2025-10-05 21:03:25,609 INFO views ServiceListView queryset prepared
2025-10-05 21:03:25,932 INFO views ServiceListView queryset prepared
2025-10-05 21:03:26,424 INFO views ServiceListView queryset prepared
2025-10-09 12:24:55,206 INFO autoreload Watching for file changes with StatReloader
2025-10-09 12:26:05,847 INFO views ServiceListView queryset prepared
2025-10-09 12:26:09,039 INFO views AvailableEstateListView queryset prepared
2025-10-09 12:26:11,957 INFO views AvailableEstateListView queryset prepared
2025-10-09 12:26:14,496 INFO views AvailableEstateListView queryset prepared
2025-10-09 12:27:38,725 INFO autoreload Watching for file changes with StatReloader
2025-10-09 17:00:20,612 INFO autoreload Watching for file changes with StatReloader
2025-10-12 21:30:00,245 INFO autoreload Watching for file changes with StatReloader
2025-10-12 21:39:59,079 INFO views ServiceListView queryset prepared
2025-10-12 21:40:02,701 INFO views AvailableEstateListView queryset prepared
2025-10-12 21:40:03,194 INFO views ServiceListView queryset prepared
2025-10-12 21:40:03,691 INFO views AvailableEstateListView queryset prepared
2025-10-12 21:40:55,375 INFO views AvailableEstateListView queryset prepared
2025-10-12 21:40:55,891 INFO views ServiceListView queryset prepared
2025-10-12 21:40:56,540 INFO views AvailableEstateListView queryset prepared
2025-10-12 21:40:58,031 INFO views ServiceListView queryset prepared
2025-10-12 21:41:00,540 INFO views AvailableEstateListView queryset prepared
2025-10-12 21:41:00,834 INFO views ServiceListView queryset prepared
2025-10-12 21:41:01,464 INFO views AvailableEstateListView queryset prepared
